Kani Rust Verifier 0.68.0 (cargo plugin)
CBMC 6.11.0
warning: use of an unstable feature
 --> <crate attribute>:1:12
  |
1 | #![feature(register_tool)]
  |            ^^^^^^^^^^^^^
  |
  = note: requested on the command line with `--force-warn unstable-features`

warning: trailing semicolon in macro used in expression position
  --> crates/secmp-crypto/src/hybrid_sign.rs:27:15
   |
27 | const _: () = assert!(HYBRID_SIG_LEN == ED25519_SIG_LEN + MLDSA65_SIG_LEN);
   |               ^^^^^^^^^^^^^^^^^^^^^^^^^^^^^^^^^^^^^^^^^^^^^^^^^^^^^^^^^^^^
   |
   = warning: this was previously accepted by the compiler but is being phased out; it will become a hard error in a future release!
   = note: for more information, see issue #79813 <https://github.com/rust-lang/rust/issues/79813>
   = note: `#[warn(semicolon_in_expressions_from_non_local_macros)]` (part of `#[warn(future_incompatible)]`) on by default
   = note: this warning originates in the macro `assert` (in Nightly builds, run with -Z macro-backtrace for more info)

warning: trailing semicolon in macro used in expression position
  --> crates/secmp-crypto/src/msg.rs:33:15
   |
33 | const _: () = assert!(MSG_SEALED_LEN == BODY_LEN + MSG_TAG_LEN);
   |               ^^^^^^^^^^^^^^^^^^^^^^^^^^^^^^^^^^^^^^^^^^^^^^^^^
   |
   = warning: this was previously accepted by the compiler but is being phased out; it will become a hard error in a future release!
   = note: for more information, see issue #79813 <https://github.com/rust-lang/rust/issues/79813>
   = note: this warning originates in the macro `assert` (in Nightly builds, run with -Z macro-backtrace for more info)

warning: use of an unstable feature
 --> <crate attribute>:1:12
  |
1 | #![feature(register_tool)]
  |            ^^^^^^^^^^^^^
  |
  = note: requested on the command line with `--force-warn unstable-features`

warning: trailing semicolon in macro used in expression position
  --> crates/secmp-proto/src/hx/responder.rs:50:15
   |
50 | const _: () = assert!(MAX_PROCESSED_GROUPS >= (128 + 24) / 3);
   |               ^^^^^^^^^^^^^^^^^^^^^^^^^^^^^^^^^^^^^^^^^^^^^^^
   |
   = warning: this was previously accepted by the compiler but is being phased out; it will become a hard error in a future release!
   = note: for more information, see issue #79813 <https://github.com/rust-lang/rust/issues/79813>
   = note: `#[warn(semicolon_in_expressions_from_non_local_macros)]` (part of `#[warn(future_incompatible)]`) on by default
   = note: this warning originates in the macro `assert` (in Nightly builds, run with -Z macro-backtrace for more info)

warning: trailing semicolon in macro used in expression position
   --> crates/secmp-proto/src/inv.rs:428:15
    |
428 | const _: () = assert!(LINK_BLOB_LEN == NONCE_LEN + COM_LEN + 12_288 + 16);
    |               ^^^^^^^^^^^^^^^^^^^^^^^^^^^^^^^^^^^^^^^^^^^^^^^^^^^^^^^^^^^
    |
    = warning: this was previously accepted by the compiler but is being phased out; it will become a hard error in a future release!
    = note: for more information, see issue #79813 <https://github.com/rust-lang/rust/issues/79813>
    = note: this warning originates in the macro `assert` (in Nightly builds, run with -Z macro-backtrace for more info)

warning: trailing semicolon in macro used in expression position
  --> crates/secmp-proto/src/kani_proofs.rs:79:19
   |
79 |         Err(_) => assert!(len != CELL_LEN),
   |                   ^^^^^^^^^^^^^^^^^^^^^^^^
   |
   = warning: this was previously accepted by the compiler but is being phased out; it will become a hard error in a future release!
   = note: for more information, see issue #79813 <https://github.com/rust-lang/rust/issues/79813>
   = note: this warning originates in the macro `assert` (in Nightly builds, run with -Z macro-backtrace for more info)

warning: trailing semicolon in macro used in expression position
   --> crates/secmp-proto/src/kani_proofs.rs:138:19
    |
138 |         Err(_) => assert!(n == size),
    |                   ^^^^^^^^^^^^^^^^^^
    |
    = warning: this was previously accepted by the compiler but is being phased out; it will become a hard error in a future release!
    = note: for more information, see issue #79813 <https://github.com/rust-lang/rust/issues/79813>
    = note: this warning originates in the macro `assert` (in Nightly builds, run with -Z macro-backtrace for more info)

warning: trailing semicolon in macro used in expression position
   --> crates/secmp-proto/src/kani_proofs.rs:323:19
    |
323 |         Err(_) => assert!(gap.is_none_or(|g| g > MAX_FF)),
    |                   ^^^^^^^^^^^^^^^^^^^^^^^^^^^^^^^^^^^^^^^
    |
    = warning: this was previously accepted by the compiler but is being phased out; it will become a hard error in a future release!
    = note: for more information, see issue #79813 <https://github.com/rust-lang/rust/issues/79813>
    = note: this warning originates in the macro `assert` (in Nightly builds, run with -Z macro-backtrace for more info)

warning: trailing semicolon in macro used in expression position
   --> crates/secmp-proto/src/kani_proofs.rs:427:15
    |
427 | const _: () = assert!(GROUPING_SLOTS < MAX_PARTIAL_GROUPS);
    |               ^^^^^^^^^^^^^^^^^^^^^^^^^^^^^^^^^^^^^^^^^^^^
    |
    = warning: this was previously accepted by the compiler but is being phased out; it will become a hard error in a future release!
    = note: for more information, see issue #79813 <https://github.com/rust-lang/rust/issues/79813>
    = note: this warning originates in the macro `assert` (in Nightly builds, run with -Z macro-backtrace for more info)

warning: trailing semicolon in macro used in expression position
   --> crates/secmp-proto/src/kani_proofs.rs:949:31
    |
949 |                     Err(_) => assert!(false),
    |                               ^^^^^^^^^^^^^^
    |
    = warning: this was previously accepted by the compiler but is being phased out; it will become a hard error in a future release!
    = note: for more information, see issue #79813 <https://github.com/rust-lang/rust/issues/79813>
    = note: this warning originates in the macro `assert` (in Nightly builds, run with -Z macro-backtrace for more info)

warning: trailing semicolon in macro used in expression position
   --> crates/secmp-proto/src/kani_proofs.rs:953:19
    |
953 |         Err(_) => assert!(n == FRAME_PLAINTEXT_LEN),
    |                   ^^^^^^^^^^^^^^^^^^^^^^^^^^^^^^^^^
    |
    = warning: this was previously accepted by the compiler but is being phased out; it will become a hard error in a future release!
    = note: for more information, see issue #79813 <https://github.com/rust-lang/rust/issues/79813>
    = note: this warning originates in the macro `assert` (in Nightly builds, run with -Z macro-backtrace for more info)

warning: trailing semicolon in macro used in expression position
    --> crates/secmp-proto/src/kani_proofs.rs:1046:19
     |
1046 |         Err(_) => assert!(false),
     |                   ^^^^^^^^^^^^^^
     |
     = warning: this was previously accepted by the compiler but is being phased out; it will become a hard error in a future release!
     = note: for more information, see issue #79813 <https://github.com/rust-lang/rust/issues/79813>
     = note: this warning originates in the macro `assert` (in Nightly builds, run with -Z macro-backtrace for more info)

warning: trailing semicolon in macro used in expression position
    --> crates/secmp-proto/src/kani_proofs.rs:1181:44
     |
1181 |             (State::Idle, Input::Other) => assert!(taken == Step::Single && next == State::Idle),
     |                                            ^^^^^^^^^^^^^^^^^^^^^^^^^^^^^^^^^^^^^^^^^^^^^^^^^^^^^
     |
     = warning: this was previously accepted by the compiler but is being phased out; it will become a hard error in a future release!
     = note: for more information, see issue #79813 <https://github.com/rust-lang/rust/issues/79813>
     = note: this warning originates in the macro `assert` (in Nightly builds, run with -Z macro-backtrace for more info)

warning: trailing semicolon in macro used in expression position
    --> crates/secmp-proto/src/kani_proofs.rs:1185:44
     |
1185 |             (State::AwaitTwo { .. }, _) => assert!(taken == Step::Complete),
     |                                            ^^^^^^^^^^^^^^^^^^^^^^^^^^^^^^^^
     |
     = warning: this was previously accepted by the compiler but is being phased out; it will become a hard error in a future release!
     = note: for more information, see issue #79813 <https://github.com/rust-lang/rust/issues/79813>
     = note: this warning originates in the macro `assert` (in Nightly builds, run with -Z macro-backtrace for more info)

warning: trailing semicolon in macro used in expression position
    --> crates/secmp-proto/src/kani_proofs.rs:1186:50
     |
1186 |             (State::Idle, Input::Cont { .. }) => assert!(false),
     |                                                  ^^^^^^^^^^^^^^
     |
     = warning: this was previously accepted by the compiler but is being phased out; it will become a hard error in a future release!
     = note: for more information, see issue #79813 <https://github.com/rust-lang/rust/issues/79813>
     = note: this warning originates in the macro `assert` (in Nightly builds, run with -Z macro-backtrace for more info)

warning: trailing semicolon in macro used in expression position
   --> crates/secmp-proto/src/sizes.rs:199:15
    |
199 | const _: () = assert!(HYBRID_SIG_LEN == 3373);
    |               ^^^^^^^^^^^^^^^^^^^^^^^^^^^^^^^
    |
    = warning: this was previously accepted by the compiler but is being phased out; it will become a hard error in a future release!
    = note: for more information, see issue #79813 <https://github.com/rust-lang/rust/issues/79813>
    = note: this warning originates in the macro `assert` (in Nightly builds, run with -Z macro-backtrace for more info)

warning: trailing semicolon in macro used in expression position
   --> crates/secmp-proto/src/sizes.rs:200:15
    |
200 | const _: () = assert!(IKS_PUBLIC_LEN == 2017);
    |               ^^^^^^^^^^^^^^^^^^^^^^^^^^^^^^^
    |
    = warning: this was previously accepted by the compiler but is being phased out; it will become a hard error in a future release!
    = note: for more information, see issue #79813 <https://github.com/rust-lang/rust/issues/79813>
    = note: this warning originates in the macro `assert` (in Nightly builds, run with -Z macro-backtrace for more info)

warning: trailing semicolon in macro used in expression position
   --> crates/secmp-proto/src/sizes.rs:201:15
    |
201 | const _: () = assert!(PREKEY_BUNDLE_LEN == 7775);
    |               ^^^^^^^^^^^^^^^^^^^^^^^^^^^^^^^^^^
    |
    = warning: this was previously accepted by the compiler but is being phased out; it will become a hard error in a future release!
    = note: for more information, see issue #79813 <https://github.com/rust-lang/rust/issues/79813>
    = note: this warning originates in the macro `assert` (in Nightly builds, run with -Z macro-backtrace for more info)

warning: trailing semicolon in macro used in expression position
   --> crates/secmp-proto/src/sizes.rs:202:15
    |
202 | const _: () = assert!(LINK_BLOB_LEN == 12_360);
    |               ^^^^^^^^^^^^^^^^^^^^^^^^^^^^^^^^
    |
    = warning: this was previously accepted by the compiler but is being phased out; it will become a hard error in a future release!
    = note: for more information, see issue #79813 <https://github.com/rust-lang/rust/issues/79813>
    = note: this warning originates in the macro `assert` (in Nightly builds, run with -Z macro-backtrace for more info)

warning: trailing semicolon in macro used in expression position
   --> crates/secmp-proto/src/sizes.rs:203:15
    |
203 | const _: () = assert!(HEADER_LEN == 2314 && HDR_CT_LEN == 2330);
    |               ^^^^^^^^^^^^^^^^^^^^^^^^^^^^^^^^^^^^^^^^^^^^^^^^^
    |
    = warning: this was previously accepted by the compiler but is being phased out; it will become a hard error in a future release!
    = note: for more information, see issue #79813 <https://github.com/rust-lang/rust/issues/79813>
    = note: this warning originates in the macro `assert` (in Nightly builds, run with -Z macro-backtrace for more info)

warning: trailing semicolon in macro used in expression position
   --> crates/secmp-proto/src/sizes.rs:204:15
    |
204 | const _: () = assert!(CELL_LEN == 4096);
    |               ^^^^^^^^^^^^^^^^^^^^^^^^^
    |
    = warning: this was previously accepted by the compiler but is being phased out; it will become a hard error in a future release!
    = note: for more information, see issue #79813 <https://github.com/rust-lang/rust/issues/79813>
    = note: this warning originates in the macro `assert` (in Nightly builds, run with -Z macro-backtrace for more info)

warning: trailing semicolon in macro used in expression position
   --> crates/secmp-proto/src/sizes.rs:205:15
    |
205 | const _: () = assert!(sum(&[FRAME_PLAINTEXT_LEN, AEAD_TAG_LEN]) == FRAME_LEN);
    |               ^^^^^^^^^^^^^^^^^^^^^^^^^^^^^^^^^^^^^^^^^^^^^^^^^^^^^^^^^^^^^^^
    |
    = warning: this was previously accepted by the compiler but is being phased out; it will become a hard error in a future release!
    = note: for more information, see issue #79813 <https://github.com/rust-lang/rust/issues/79813>
    = note: this warning originates in the macro `assert` (in Nightly builds, run with -Z macro-backtrace for more info)

warning: trailing semicolon in macro used in expression position
   --> crates/secmp-proto/src/sizes.rs:206:15
    |
206 | const _: () = assert!(sum(&[CELL_LEN, 240]) == FRAME_PLAINTEXT_LEN);
    |               ^^^^^^^^^^^^^^^^^^^^^^^^^^^^^^^^^^^^^^^^^^^^^^^^^^^^^
    |
    = warning: this was previously accepted by the compiler but is being phased out; it will become a hard error in a future release!
    = note: for more information, see issue #79813 <https://github.com/rust-lang/rust/issues/79813>
    = note: this warning originates in the macro `assert` (in Nightly builds, run with -Z macro-backtrace for more info)

warning: trailing semicolon in macro used in expression position
   --> crates/secmp-proto/src/sizes.rs:208:5
    |
208 |     assert!(OUTER_LEN == 9362 && OUTER_PADDED_LEN == 12_018 && OUTER_LEN < OUTER_PADDED_LEN);
    |     ^^^^^^^^^^^^^^^^^^^^^^^^^^^^^^^^^^^^^^^^^^^^^^^^^^^^^^^^^^^^^^^^^^^^^^^^^^^^^^^^^^^^^^^^
    |
    = warning: this was previously accepted by the compiler but is being phased out; it will become a hard error in a future release!
    = note: for more information, see issue #79813 <https://github.com/rust-lang/rust/issues/79813>
    = note: this warning originates in the macro `assert` (in Nightly builds, run with -Z macro-backtrace for more info)

warning: trailing semicolon in macro used in expression position
   --> crates/secmp-proto/src/sizes.rs:209:15
    |
209 | const _: () = assert!(INNER_LEN == 6113 && INNER_CT_LEN == 6185);
    |               ^^^^^^^^^^^^^^^^^^^^^^^^^^^^^^^^^^^^^^^^^^^^^^^^^^
    |
    = warning: this was previously accepted by the compiler but is being phased out; it will become a hard error in a future release!
    = note: for more information, see issue #79813 <https://github.com/rust-lang/rust/issues/79813>
    = note: this warning originates in the macro `assert` (in Nightly builds, run with -Z macro-backtrace for more info)

warning: trailing semicolon in macro used in expression position
   --> crates/secmp-proto/src/sizes.rs:210:15
    |
210 | const _: () = assert!(HANDSHAKE_CELL_PT_LEN == 4024 && HANDSHAKE_CELL_LEN == 4096);
    |               ^^^^^^^^^^^^^^^^^^^^^^^^^^^^^^^^^^^^^^^^^^^^^^^^^^^^^^^^^^^^^^^^^^^^
    |
    = warning: this was previously accepted by the compiler but is being phased out; it will become a hard error in a future release!
    = note: for more information, see issue #79813 <https://github.com/rust-lang/rust/issues/79813>
    = note: this warning originates in the macro `assert` (in Nightly builds, run with -Z macro-backtrace for more info)

warning: trailing semicolon in macro used in expression position
   --> crates/secmp-proto/src/sizes.rs:211:15
    |
211 | const _: () = assert!(RELAYINFO_LEN == 1741 && HS1_LEN == 2853 && HS2_LEN == 1153);
    |               ^^^^^^^^^^^^^^^^^^^^^^^^^^^^^^^^^^^^^^^^^^^^^^^^^^^^^^^^^^^^^^^^^^^^
    |
    = warning: this was previously accepted by the compiler but is being phased out; it will become a hard error in a future release!
    = note: for more information, see issue #79813 <https://github.com/rust-lang/rust/issues/79813>
    = note: this warning originates in the macro `assert` (in Nightly builds, run with -Z macro-backtrace for more info)

warning: trailing semicolon in macro used in expression position
   --> crates/secmp-proto/src/sizes.rs:212:15
    |
212 | const _: () = assert!(HELLO_BODY_LEN == 7);
    |               ^^^^^^^^^^^^^^^^^^^^^^^^^^^^
    |
    = warning: this was previously accepted by the compiler but is being phased out; it will become a hard error in a future release!
    = note: for more information, see issue #79813 <https://github.com/rust-lang/rust/issues/79813>
    = note: this warning originates in the macro `assert` (in Nightly builds, run with -Z macro-backtrace for more info)

warning: trailing semicolon in macro used in expression position
   --> crates/secmp-proto/src/sizes.rs:213:15
    |
213 | const _: () = assert!(INVITATION_NO_DIRECT_LEN == 241 && RELAYREF_NO_DIRECT_LEN == 101);
    |               ^^^^^^^^^^^^^^^^^^^^^^^^^^^^^^^^^^^^^^^^^^^^^^^^^^^^^^^^^^^^^^^^^^^^^^^^^
    |
    = warning: this was previously accepted by the compiler but is being phased out; it will become a hard error in a future release!
    = note: for more information, see issue #79813 <https://github.com/rust-lang/rust/issues/79813>
    = note: this warning originates in the macro `assert` (in Nightly builds, run with -Z macro-backtrace for more info)

warning: trailing semicolon in macro used in expression position
   --> crates/secmp-proto/src/sizes.rs:215:15
    |
215 | const _: () = assert!(sum(&[CONTENT_HEADER_LEN, CONTENT_BODY_MAX, 1]) == BODY_LEN);
    |               ^^^^^^^^^^^^^^^^^^^^^^^^^^^^^^^^^^^^^^^^^^^^^^^^^^^^^^^^^^^^^^^^^^^^
    |
    = warning: this was previously accepted by the compiler but is being phased out; it will become a hard error in a future release!
    = note: for more information, see issue #79813 <https://github.com/rust-lang/rust/issues/79813>
    = note: this warning originates in the macro `assert` (in Nightly builds, run with -Z macro-backtrace for more info)

warning: trailing semicolon in macro used in expression position
   --> crates/secmp-proto/src/sizes.rs:216:15
    |
216 | const _: () = assert!(KEYCHANGE_BODY_LEN == 5390 && KEYCHANGE_BODY_LEN > CONTENT_BODY_MAX);
    |               ^^^^^^^^^^^^^^^^^^^^^^^^^^^^^^^^^^^^^^^^^^^^^^^^^^^^^^^^^^^^^^^^^^^^^^^^^^^^
    |
    = warning: this was previously accepted by the compiler but is being phased out; it will become a hard error in a future release!
    = note: for more information, see issue #79813 <https://github.com/rust-lang/rust/issues/79813>
    = note: this warning originates in the macro `assert` (in Nightly builds, run with -Z macro-backtrace for more info)

warning: trailing semicolon in macro used in expression position
   --> crates/secmp-proto/src/sizes.rs:219:15
    |
219 | const _: () = assert!(PROFILE_MAX_LEN == 98 && LINKDATA_MAX_LEN == 9899);
    |               ^^^^^^^^^^^^^^^^^^^^^^^^^^^^^^^^^^^^^^^^^^^^^^^^^^^^^^^^^^
    |
    = warning: this was previously accepted by the compiler but is being phased out; it will become a hard error in a future release!
    = note: for more information, see issue #79813 <https://github.com/rust-lang/rust/issues/79813>
    = note: this warning originates in the macro `assert` (in Nightly builds, run with -Z macro-backtrace for more info)

warning: trailing semicolon in macro used in expression position
   --> crates/secmp-proto/src/sizes.rs:220:15
    |
220 | const _: () = assert!(sum(&[LINKDATA_MAX_LEN, 1]) <= LINKDATA_PADDED_LEN);
    |               ^^^^^^^^^^^^^^^^^^^^^^^^^^^^^^^^^^^^^^^^^^^^^^^^^^^^^^^^^^^
    |
    = warning: this was previously accepted by the compiler but is being phased out; it will become a hard error in a future release!
    = note: for more information, see issue #79813 <https://github.com/rust-lang/rust/issues/79813>
    = note: this warning originates in the macro `assert` (in Nightly builds, run with -Z macro-backtrace for more info)

warning: trailing semicolon in macro used in expression position
   --> crates/secmp-proto/src/sizes.rs:222:15
    |
222 | const _: () = assert!(sum(&[BLOB_PART_LEN, CONT_DATA_LEN, CONT_DATA_LEN]) == LINK_BLOB_LEN);
    |               ^^^^^^^^^^^^^^^^^^^^^^^^^^^^^^^^^^^^^^^^^^^^^^^^^^^^^^^^^^^^^^^^^^^^^^^^^^^^^
    |
    = warning: this was previously accepted by the compiler but is being phased out; it will become a hard error in a future release!
    = note: for more information, see issue #79813 <https://github.com/rust-lang/rust/issues/79813>
    = note: this warning originates in the macro `assert` (in Nightly builds, run with -Z macro-backtrace for more info)

warning: trailing semicolon in macro used in expression position
   --> crates/secmp-proto/src/sizes.rs:223:15
    |
223 |   const _: () = assert!(
    |  _______________^
224 | |     sum(&[
225 | |         1,
226 | |         4,
...   |
234 | |     ]) < FRAME_PLAINTEXT_LEN
235 | | );
    | |_^
    |
    = warning: this was previously accepted by the compiler but is being phased out; it will become a hard error in a future release!
    = note: for more information, see issue #79813 <https://github.com/rust-lang/rust/issues/79813>
    = note: this warning originates in the macro `assert` (in Nightly builds, run with -Z macro-backtrace for more info)

warning: trailing semicolon in macro used in expression position
   --> crates/secmp-proto/src/sizes.rs:236:15
    |
236 | const _: () = assert!(sum(&[1, 4, ID_LEN, CELL_LEN, ED25519_SIG_LEN]) < FRAME_PLAINTEXT_LEN);
    |               ^^^^^^^^^^^^^^^^^^^^^^^^^^^^^^^^^^^^^^^^^^^^^^^^^^^^^^^^^^^^^^^^^^^^^^^^^^^^^^
    |
    = warning: this was previously accepted by the compiler but is being phased out; it will become a hard error in a future release!
    = note: for more information, see issue #79813 <https://github.com/rust-lang/rust/issues/79813>
    = note: this warning originates in the macro `assert` (in Nightly builds, run with -Z macro-backtrace for more info)

warning: trailing semicolon in macro used in expression position
   --> crates/secmp-proto/src/sizes.rs:237:15
    |
237 | const _: () = assert!(sum(&[1, 4, 1, ID_LEN, 8, CELL_LEN]) < FRAME_PLAINTEXT_LEN);
    |               ^^^^^^^^^^^^^^^^^^^^^^^^^^^^^^^^^^^^^^^^^^^^^^^^^^^^^^^^^^^^^^^^^^^
    |
    = warning: this was previously accepted by the compiler but is being phased out; it will become a hard error in a future release!
    = note: for more information, see issue #79813 <https://github.com/rust-lang/rust/issues/79813>
    = note: this warning originates in the macro `assert` (in Nightly builds, run with -Z macro-backtrace for more info)

warning: trailing semicolon in macro used in expression position
   --> crates/secmp-proto/src/sizes.rs:238:15
    |
238 | const _: () = assert!(sum(&[1, 4, 1, CONT_DATA_LEN]) < FRAME_PLAINTEXT_LEN);
    |               ^^^^^^^^^^^^^^^^^^^^^^^^^^^^^^^^^^^^^^^^^^^^^^^^^^^^^^^^^^^^^
    |
    = warning: this was previously accepted by the compiler but is being phased out; it will become a hard error in a future release!
    = note: for more information, see issue #79813 <https://github.com/rust-lang/rust/issues/79813>
    = note: this warning originates in the macro `assert` (in Nightly builds, run with -Z macro-backtrace for more info)

warning: trailing semicolon in macro used in expression position
   --> crates/secmp-proto/src/sizes.rs:240:15
    |
240 |   const _: () = assert!(
    |  _______________^
241 | |     sum(&[
242 | |         6, 88, 88, 88, 88, 88, 88, 88, 88, 88, 88, 88, 88, 88, 88, 88, 88, 88, 88, 88, 88, 88, 88,
243 | |         88, 88, 88, 88, 88, 88, 88, 88, 88, 88
244 | |     ]) == 2822
245 | | );
    | |_^
    |
    = warning: this was previously accepted by the compiler but is being phased out; it will become a hard error in a future release!
    = note: for more information, see issue #79813 <https://github.com/rust-lang/rust/issues/79813>
    = note: this warning originates in the macro `assert` (in Nightly builds, run with -Z macro-backtrace for more info)

warning: trailing semicolon in macro used in expression position
   --> crates/secmp-proto/src/sizes.rs:246:15
    |
246 | const _: () = assert!(sum(&[ID_LEN, 8, ED25519_SIG_LEN]) == 88);
    |               ^^^^^^^^^^^^^^^^^^^^^^^^^^^^^^^^^^^^^^^^^^^^^^^^^
    |
    = warning: this was previously accepted by the compiler but is being phased out; it will become a hard error in a future release!
    = note: for more information, see issue #79813 <https://github.com/rust-lang/rust/issues/79813>
    = note: this warning originates in the macro `assert` (in Nightly builds, run with -Z macro-backtrace for more info)

warning: trailing semicolon in macro used in expression position
   --> crates/secmp-proto/src/sizes.rs:249:15
    |
249 | const _: () = assert!(X25519_PK_LEN == secmp_crypto::X25519_LEN);
    |               ^^^^^^^^^^^^^^^^^^^^^^^^^^^^^^^^^^^^^^^^^^^^^^^^^^
    |
    = warning: this was previously accepted by the compiler but is being phased out; it will become a hard error in a future release!
    = note: for more information, see issue #79813 <https://github.com/rust-lang/rust/issues/79813>
    = note: this warning originates in the macro `assert` (in Nightly builds, run with -Z macro-backtrace for more info)

warning: trailing semicolon in macro used in expression position
   --> crates/secmp-proto/src/sizes.rs:250:15
    |
250 | const _: () = assert!(ED25519_PK_LEN == secmp_crypto::ED25519_PK_LEN);
    |               ^^^^^^^^^^^^^^^^^^^^^^^^^^^^^^^^^^^^^^^^^^^^^^^^^^^^^^^
    |
    = warning: this was previously accepted by the compiler but is being phased out; it will become a hard error in a future release!
    = note: for more information, see issue #79813 <https://github.com/rust-lang/rust/issues/79813>
    = note: this warning originates in the macro `assert` (in Nightly builds, run with -Z macro-backtrace for more info)

warning: trailing semicolon in macro used in expression position
   --> crates/secmp-proto/src/sizes.rs:251:15
    |
251 | const _: () = assert!(ED25519_SIG_LEN == secmp_crypto::ED25519_SIG_LEN);
    |               ^^^^^^^^^^^^^^^^^^^^^^^^^^^^^^^^^^^^^^^^^^^^^^^^^^^^^^^^^
    |
    = warning: this was previously accepted by the compiler but is being phased out; it will become a hard error in a future release!
    = note: for more information, see issue #79813 <https://github.com/rust-lang/rust/issues/79813>
    = note: this warning originates in the macro `assert` (in Nightly builds, run with -Z macro-backtrace for more info)

warning: trailing semicolon in macro used in expression position
   --> crates/secmp-proto/src/sizes.rs:252:15
    |
252 | const _: () = assert!(MLKEM768_EK_LEN == secmp_crypto::MLKEM768_EK_LEN);
    |               ^^^^^^^^^^^^^^^^^^^^^^^^^^^^^^^^^^^^^^^^^^^^^^^^^^^^^^^^^
    |
    = warning: this was previously accepted by the compiler but is being phased out; it will become a hard error in a future release!
    = note: for more information, see issue #79813 <https://github.com/rust-lang/rust/issues/79813>
    = note: this warning originates in the macro `assert` (in Nightly builds, run with -Z macro-backtrace for more info)

warning: trailing semicolon in macro used in expression position
   --> crates/secmp-proto/src/sizes.rs:253:15
    |
253 | const _: () = assert!(MLKEM768_CT_LEN == secmp_crypto::MLKEM768_CT_LEN);
    |               ^^^^^^^^^^^^^^^^^^^^^^^^^^^^^^^^^^^^^^^^^^^^^^^^^^^^^^^^^
    |
    = warning: this was previously accepted by the compiler but is being phased out; it will become a hard error in a future release!
    = note: for more information, see issue #79813 <https://github.com/rust-lang/rust/issues/79813>
    = note: this warning originates in the macro `assert` (in Nightly builds, run with -Z macro-backtrace for more info)

warning: trailing semicolon in macro used in expression position
   --> crates/secmp-proto/src/sizes.rs:254:15
    |
254 | const _: () = assert!(MLKEM1024_EK_LEN == secmp_crypto::MLKEM1024_EK_LEN);
    |               ^^^^^^^^^^^^^^^^^^^^^^^^^^^^^^^^^^^^^^^^^^^^^^^^^^^^^^^^^^^
    |
    = warning: this was previously accepted by the compiler but is being phased out; it will become a hard error in a future release!
    = note: for more information, see issue #79813 <https://github.com/rust-lang/rust/issues/79813>
    = note: this warning originates in the macro `assert` (in Nightly builds, run with -Z macro-backtrace for more info)

warning: trailing semicolon in macro used in expression position
   --> crates/secmp-proto/src/sizes.rs:255:15
    |
255 | const _: () = assert!(MLKEM1024_CT_LEN == secmp_crypto::MLKEM1024_CT_LEN);
    |               ^^^^^^^^^^^^^^^^^^^^^^^^^^^^^^^^^^^^^^^^^^^^^^^^^^^^^^^^^^^
    |
    = warning: this was previously accepted by the compiler but is being phased out; it will become a hard error in a future release!
    = note: for more information, see issue #79813 <https://github.com/rust-lang/rust/issues/79813>
    = note: this warning originates in the macro `assert` (in Nightly builds, run with -Z macro-backtrace for more info)

warning: trailing semicolon in macro used in expression position
   --> crates/secmp-proto/src/sizes.rs:256:15
    |
256 | const _: () = assert!(MLDSA65_PK_LEN == secmp_crypto::MLDSA65_PK_LEN);
    |               ^^^^^^^^^^^^^^^^^^^^^^^^^^^^^^^^^^^^^^^^^^^^^^^^^^^^^^^
    |
    = warning: this was previously accepted by the compiler but is being phased out; it will become a hard error in a future release!
    = note: for more information, see issue #79813 <https://github.com/rust-lang/rust/issues/79813>
    = note: this warning originates in the macro `assert` (in Nightly builds, run with -Z macro-backtrace for more info)

warning: trailing semicolon in macro used in expression position
   --> crates/secmp-proto/src/sizes.rs:257:15
    |
257 | const _: () = assert!(MLDSA65_SIG_LEN == secmp_crypto::MLDSA65_SIG_LEN);
    |               ^^^^^^^^^^^^^^^^^^^^^^^^^^^^^^^^^^^^^^^^^^^^^^^^^^^^^^^^^
    |
    = warning: this was previously accepted by the compiler but is being phased out; it will become a hard error in a future release!
    = note: for more information, see issue #79813 <https://github.com/rust-lang/rust/issues/79813>
    = note: this warning originates in the macro `assert` (in Nightly builds, run with -Z macro-backtrace for more info)

warning: trailing semicolon in macro used in expression position
   --> crates/secmp-proto/src/sizes.rs:258:15
    |
258 | const _: () = assert!(HYBRID_SIG_LEN == secmp_crypto::HYBRID_SIG_LEN);
    |               ^^^^^^^^^^^^^^^^^^^^^^^^^^^^^^^^^^^^^^^^^^^^^^^^^^^^^^^
    |
    = warning: this was previously accepted by the compiler but is being phased out; it will become a hard error in a future release!
    = note: for more information, see issue #79813 <https://github.com/rust-lang/rust/issues/79813>
    = note: this warning originates in the macro `assert` (in Nightly builds, run with -Z macro-backtrace for more info)

warning: trailing semicolon in macro used in expression position
   --> crates/secmp-proto/src/sizes.rs:259:15
    |
259 | const _: () = assert!(IKS_PUBLIC_LEN == secmp_crypto::IKS_PUBLIC_LEN);
    |               ^^^^^^^^^^^^^^^^^^^^^^^^^^^^^^^^^^^^^^^^^^^^^^^^^^^^^^^
    |
    = warning: this was previously accepted by the compiler but is being phased out; it will become a hard error in a future release!
    = note: for more information, see issue #79813 <https://github.com/rust-lang/rust/issues/79813>
    = note: this warning originates in the macro `assert` (in Nightly builds, run with -Z macro-backtrace for more info)

warning: trailing semicolon in macro used in expression position
   --> crates/secmp-proto/src/sizes.rs:260:15
    |
260 | const _: () = assert!(BODY_LEN == secmp_crypto::BODY_LEN);
    |               ^^^^^^^^^^^^^^^^^^^^^^^^^^^^^^^^^^^^^^^^^^^
    |
    = warning: this was previously accepted by the compiler but is being phased out; it will become a hard error in a future release!
    = note: for more information, see issue #79813 <https://github.com/rust-lang/rust/issues/79813>
    = note: this warning originates in the macro `assert` (in Nightly builds, run with -Z macro-backtrace for more info)

warning: trailing semicolon in macro used in expression position
   --> crates/secmp-proto/src/sizes.rs:261:15
    |
261 | const _: () = assert!(NONCE_LEN == secmp_crypto::NONCE_LEN);
    |               ^^^^^^^^^^^^^^^^^^^^^^^^^^^^^^^^^^^^^^^^^^^^^
    |
    = warning: this was previously accepted by the compiler but is being phased out; it will become a hard error in a future release!
    = note: for more information, see issue #79813 <https://github.com/rust-lang/rust/issues/79813>
    = note: this warning originates in the macro `assert` (in Nightly builds, run with -Z macro-backtrace for more info)

warning: trailing semicolon in macro used in expression position
   --> crates/secmp-proto/src/sizes.rs:262:15
    |
262 | const _: () = assert!(COM_LEN == secmp_crypto::COM_LEN);
    |               ^^^^^^^^^^^^^^^^^^^^^^^^^^^^^^^^^^^^^^^^^
    |
    = warning: this was previously accepted by the compiler but is being phased out; it will become a hard error in a future release!
    = note: for more information, see issue #79813 <https://github.com/rust-lang/rust/issues/79813>
    = note: this warning originates in the macro `assert` (in Nightly builds, run with -Z macro-backtrace for more info)

warning: trailing semicolon in macro used in expression position
   --> crates/secmp-proto/src/sizes.rs:263:15
    |
263 | const _: () = assert!(AEAD_TAG_LEN == secmp_crypto::AEAD_TAG_LEN);
    |               ^^^^^^^^^^^^^^^^^^^^^^^^^^^^^^^^^^^^^^^^^^^^^^^^^^^
    |
    = warning: this was previously accepted by the compiler but is being phased out; it will become a hard error in a future release!
    = note: for more information, see issue #79813 <https://github.com/rust-lang/rust/issues/79813>
    = note: this warning originates in the macro `assert` (in Nightly builds, run with -Z macro-backtrace for more info)

warning: trailing semicolon in macro used in expression position
   --> crates/secmp-proto/src/sizes.rs:264:15
    |
264 | const _: () = assert!(BODY_TAG_LEN == secmp_crypto::MSG_TAG_LEN);
    |               ^^^^^^^^^^^^^^^^^^^^^^^^^^^^^^^^^^^^^^^^^^^^^^^^^^
    |
    = warning: this was previously accepted by the compiler but is being phased out; it will become a hard error in a future release!
    = note: for more information, see issue #79813 <https://github.com/rust-lang/rust/issues/79813>
    = note: this warning originates in the macro `assert` (in Nightly builds, run with -Z macro-backtrace for more info)

warning: trailing semicolon in macro used in expression position
   --> crates/secmp-proto/src/sizes.rs:265:15
    |
265 | const _: () = assert!(sum(&[BODY_LEN, BODY_TAG_LEN]) == secmp_crypto::MSG_SEALED_LEN);
    |               ^^^^^^^^^^^^^^^^^^^^^^^^^^^^^^^^^^^^^^^^^^^^^^^^^^^^^^^^^^^^^^^^^^^^^^^
    |
    = warning: this was previously accepted by the compiler but is being phased out; it will become a hard error in a future release!
    = note: for more information, see issue #79813 <https://github.com/rust-lang/rust/issues/79813>
    = note: this warning originates in the macro `assert` (in Nightly builds, run with -Z macro-backtrace for more info)

warning: trailing semicolon in macro used in expression position
  --> crates/secmp-proto/src/tr/content.rs:49:15
   |
49 | const _: () = assert!(CHUNK_MAX == CONTENT_BODY_MAX - FRAGMENT_HEADER_LEN);
   |               ^^^^^^^^^^^^^^^^^^^^^^^^^^^^^^^^^^^^^^^^^^^^^^^^^^^^^^^^^^^^
   |
   = warning: this was previously accepted by the compiler but is being phased out; it will become a hard error in a future release!
   = note: for more information, see issue #79813 <https://github.com/rust-lang/rust/issues/79813>
   = note: this warning originates in the macro `assert` (in Nightly builds, run with -Z macro-backtrace for more info)

warning: trailing semicolon in macro used in expression position
   --> crates/secmp-proto/src/tr/ratchet.rs:413:15
    |
413 | const _: () = assert!(HEADER_N_AT == 38);
    |               ^^^^^^^^^^^^^^^^^^^^^^^^^^
    |
    = warning: this was previously accepted by the compiler but is being phased out; it will become a hard error in a future release!
    = note: for more information, see issue #79813 <https://github.com/rust-lang/rust/issues/79813>
    = note: this warning originates in the macro `assert` (in Nightly builds, run with -Z macro-backtrace for more info)

warning: trailing semicolon in macro used in expression position
  --> crates/secmp-proto/src/tr/select.rs:27:15
   |
27 | const _: () = assert!(MAX_SKIPPED == 2 * 256 && SKIP_WINDOW == 256 && MAX_FF == 1_048_576);
   |               ^^^^^^^^^^^^^^^^^^^^^^^^^^^^^^^^^^^^^^^^^^^^^^^^^^^^^^^^^^^^^^^^^^^^^^^^^^^^
   |
   = warning: this was previously accepted by the compiler but is being phased out; it will become a hard error in a future release!
   = note: for more information, see issue #79813 <https://github.com/rust-lang/rust/issues/79813>
   = note: this warning originates in the macro `assert` (in Nightly builds, run with -Z macro-backtrace for more info)

warning: trailing semicolon in macro used in expression position
  --> crates/secmp-proto/src/tr/state.rs:55:15
   |
55 |   const _: () = assert!(
   |  _______________^
56 | |     OPT_KEY_LEN == X25519_PK_LEN + 1
57 | |         && ENTRY_LEN == 68
58 | |         && SKIPPED_MAX_BYTES == MAX_SKIPPED * ENTRY_LEN
59 | |         && RatchetState::MAX_ENCODED_LEN == 38_585
60 | | );
   | |_^
   |
   = warning: this was previously accepted by the compiler but is being phased out; it will become a hard error in a future release!
   = note: for more information, see issue #79813 <https://github.com/rust-lang/rust/issues/79813>
   = note: this warning originates in the macro `assert` (in Nightly builds, run with -Z macro-backtrace for more info)

warning: trailing semicolon in macro used in expression position
   --> crates/secmp-proto/src/wire/inv.rs:581:15
    |
581 | const _: () = assert!(LINK_BLOB_CT_LEN == LINKDATA_PADDED_LEN + AEAD_TAG_LEN);
    |               ^^^^^^^^^^^^^^^^^^^^^^^^^^^^^^^^^^^^^^^^^^^^^^^^^^^^^^^^^^^^^^^
    |
    = warning: this was previously accepted by the compiler but is being phased out; it will become a hard error in a future release!
    = note: for more information, see issue #79813 <https://github.com/rust-lang/rust/issues/79813>
    = note: this warning originates in the macro `assert` (in Nightly builds, run with -Z macro-backtrace for more info)

warning: function `unpad` is never used
   --> crates/secmp-proto/src/codec.rs:319:19
    |
319 |     pub(crate) fn unpad(bytes: &[u8], size: usize) -> Result<&[u8]> {
    |                   ^^^^^
    |
    = note: `#[warn(dead_code)]` (part of `#[warn(unused)]`) on by default

warning: static `KANI_DRAWS` is never used
   --> crates/secmp-proto/src/kani_proofs.rs:706:8
    |
706 | static KANI_DRAWS: core::sync::atomic::AtomicU8 = core::sync::atomic::AtomicU8::new(1);
    |        ^^^^^^^^^^

warning: function `kani_fill` is never used
   --> crates/secmp-proto/src/kani_proofs.rs:712:4
    |
712 | fn kani_fill(buf: &mut [u8]) -> secmp_crypto::Result<()> {
    |    ^^^^^^^^^

warning: function `kani_no_barrier` is never used
   --> crates/secmp-proto/src/kani_proofs.rs:723:4
    |
723 | fn kani_no_barrier<T: ?Sized>(_val: &T) {}
    |    ^^^^^^^^^^^^^^^

warning: function `kani_zeroize_array` is never used
   --> crates/secmp-proto/src/kani_proofs.rs:727:4
    |
727 | fn kani_zeroize_array<Z: Default + Copy, const N: usize>(a: &mut [Z; N]) {
    |    ^^^^^^^^^^^^^^^^^^

warning: function `kani_eq_at` is never used
   --> crates/secmp-proto/src/kani_proofs.rs:732:4
    |
732 | fn kani_eq_at<T: PartialEq<U>, U>(a: &[T], b: &[U], k: usize) -> bool {
    |    ^^^^^^^^^^

warning: function `kani_array_eq` is never used
   --> crates/secmp-proto/src/kani_proofs.rs:741:4
    |
741 | fn kani_array_eq<T: PartialEq<U> + 'static, U: 'static, const N: usize>(
    |    ^^^^^^^^^^^^^

warning: function `checked` is never used
   --> crates/secmp-proto/src/keys.rs:250:8
    |
250 |     fn checked<T>(value: T) -> Result<T> {
    |        ^^^^^^^

warning: function `ed25519_pk` is never used
   --> crates/secmp-proto/src/keys.rs:258:19
    |
258 |     pub(crate) fn ed25519_pk(bytes: &[u8]) -> Result<Ed25519Pk> {
    |                   ^^^^^^^^^^

warning: function `ed25519_sig` is never used
   --> crates/secmp-proto/src/keys.rs:263:19
    |
263 |     pub(crate) fn ed25519_sig(bytes: &[u8]) -> Result<Ed25519Sig> {
    |                   ^^^^^^^^^^^

warning: function `mlkem768_ek` is never used
   --> crates/secmp-proto/src/keys.rs:268:19
    |
268 |     pub(crate) fn mlkem768_ek(bytes: &[u8]) -> Result<MlKem768Ek> {
    |                   ^^^^^^^^^^^

warning: function `mlkem1024_ek` is never used
   --> crates/secmp-proto/src/keys.rs:272:19
    |
272 |     pub(crate) fn mlkem1024_ek(bytes: &[u8]) -> Result<MlKem1024Ek> {
    |                   ^^^^^^^^^^^^

warning: function `request_decode_fields` is never used
   --> crates/secmp-proto/src/wire/frame.rs:442:19
    |
442 |     pub(crate) fn request_decode_fields(_op: u8, r: &mut Reader<'_>) -> Result<RequestCmd> {
    |                   ^^^^^^^^^^^^^^^^^^^^^

warning: use of an unstable feature
 --> <crate attribute>:1:12
  |
1 | #![feature(register_tool)]
  |            ^^^^^^^^^^^^^
  |
  = note: requested on the command line with `--force-warn unstable-features`

warning: unused import: `Link`
  --> crates/secmp-transport/src/session.rs:20:31
   |
20 | use secmp_proto::link::{self, Link};
   |                               ^^^^
   |
   = note: `#[warn(unused_imports)]` (part of `#[warn(unused)]`) on by default

warning: use of an unstable feature
 --> <crate attribute>:1:12
  |
1 | #![feature(register_tool)]
  |            ^^^^^^^^^^^^^
  |
  = note: requested on the command line with `--force-warn unstable-features`

   Compiling secmp-client-core v0.0.0 (/work/SecMPro/crates/secmp-client-core)
warning: use of an unstable feature
 --> <crate attribute>:1:12
  |
1 | #![feature(register_tool)]
  |            ^^^^^^^^^^^^^
  |
  = note: requested on the command line with `--force-warn unstable-features`

warning: Found the following unsupported constructs:
             - caller_location (1)
             - foreign function (1)
         
         Verification will fail if one or more of these constructs is reachable.
         See https://model-checking.github.io/kani/rust-feature-support.html for more details.

    Finished `dev` profile [unoptimized + debuginfo] target(s) in 0.69s
warning: the following packages contain code that will be rejected by a future version of Rust: secmp-crypto v0.0.0 (/work/SecMPro/crates/secmp-crypto), secmp-proto v0.0.0 (/work/SecMPro/crates/secmp-proto)
note: to see what the problems were, use the option `--future-incompat-report`, or run `cargo report future-incompatibilities --id 2`
Checking harness kani_proofs::kani_evicted_range...
CBMC 6.11.0 (cbmc-6.11.0)
CBMC version 6.11.0 (cbmc-6.11.0) 64-bit x86_64 linux
Reading GOTO program from file /work/SecMPro/target/kani/x86_64-unknown-linux-gnu/debug/build/secmp-client-core/9cd8def93a2155f0/out/secmp_client_core-9cd8def93a2155f0__RNvNtCs6mC682u6ZOv_17secmp_client_core11kani_proofs18kani_evicted_range.out
Generating GOTO Program
Adding CPROVER library (x86_64)
Removal of function pointers and virtual functions
Generic Property Instrumentation
Running with 16 object bits, 48 offset bits (user-specified)
Starting Bounded Model Checking
aborting path on assume(false) at file crates/secmp-transport/src/evicted.rs line 9 column 11 function secmp_transport::evicted::evicted_is_plausible thread 0
Runtime Symex: 0.00450324s
size of program expression: 421 steps
slicing removed 182 assignments
Generated 7 VCC(s), 7 remaining after simplification
Runtime Postprocess Equation: 5.4581e-05s
Passing problem to propositional reduction
converting SSA
Runtime Convert SSA: 0.000770639s
Running propositional reduction
Post-processing
Runtime Post-process: 4.57e-06s
Solving with CaDiCaL 3.0.0
937 variables, 1864 clauses
SAT checker: instance is SATISFIABLE
Runtime Solver: 9.3512e-05s
Runtime decision procedure: 0.000914712s
Running propositional reduction
Solving with CaDiCaL 3.0.0
938 variables, 1865 clauses
SAT checker: instance is SATISFIABLE
Runtime Solver: 8.2652e-05s
Runtime decision procedure: 0.000106903s
Running propositional reduction
Solving with CaDiCaL 3.0.0
939 variables, 1866 clauses
SAT checker: instance is SATISFIABLE
Runtime Solver: 9.8462e-05s
Runtime decision procedure: 0.000114452s
Running propositional reduction
Solving with CaDiCaL 3.0.0
940 variables, 1867 clauses
SAT checker: instance is UNSATISFIABLE
Runtime Solver: 0.0267709s
Runtime decision procedure: 0.0267844s

RESULTS:
Check 1: kani_proofs::kani_evicted_range.assertion.1
	 - Status: SUCCESS
	 - Description: "assertion failed: accepted == expected"
	 - Location: crates/secmp-client-core/src/kani_proofs.rs:202:5 in function kani_proofs::kani_evicted_range

Check 2: kani_proofs::kani_evicted_range.cover.1
	 - Status: SATISFIED
	 - Description: "an eviction is accepted"
	 - Location: crates/secmp-client-core/src/kani_proofs.rs:203:5 in function kani_proofs::kani_evicted_range

Check 3: kani_proofs::kani_evicted_range.cover.2
	 - Status: SATISFIED
	 - Description: "an implausible id is refused"
	 - Location: crates/secmp-client-core/src/kani_proofs.rs:204:5 in function kani_proofs::kani_evicted_range

Check 4: secmp_transport::evicted::evicted_is_plausible.unreachable.1
	 - Status: SUCCESS
	 - Description: "unreachable code"
	 - Location: crates/secmp-transport/src/evicted.rs:9:11 in function secmp_transport::evicted::evicted_is_plausible


SUMMARY:
 ** 0 of 2 failed

 ** 2 of 2 cover properties satisfied


VERIFICATION:- SUCCESSFUL
Verification Time: 0.060169004s

Checking harness kani_proofs::kani_rate_bound_integer_form...
CBMC 6.11.0 (cbmc-6.11.0)
CBMC version 6.11.0 (cbmc-6.11.0) 64-bit x86_64 linux
Reading GOTO program from file /work/SecMPro/target/kani/x86_64-unknown-linux-gnu/debug/build/secmp-client-core/9cd8def93a2155f0/out/secmp_client_core-9cd8def93a2155f0__RNvNtCs6mC682u6ZOv_17secmp_client_core11kani_proofs28kani_rate_bound_integer_form.out
Generating GOTO Program
Adding CPROVER library (x86_64)
Removal of function pointers and virtual functions
Generic Property Instrumentation
Running with 16 object bits, 48 offset bits (user-specified)
Starting Bounded Model Checking
aborting path on assume(false) at file crates/secmp-client-core/src/kani_proofs.rs line 176 column 17 function kani_proofs::kani_rate_bound_integer_form thread 0
Unwinding loop _RNvNtCs6mC682u6ZOv_17secmp_client_core11kani_proofs28kani_rate_bound_integer_form.0 iteration 1 file crates/secmp-client-core/src/kani_proofs.rs line 176 column 5 function kani_proofs::kani_rate_bound_integer_form thread 0
aborting path on assume(false) at file library/kani/src/lib.rs line 57 column 1 function kani::mem::cbmc::same_allocation thread 0
aborting path on assume(false) at file crates/secmp-client-core/src/kani_proofs.rs line 176 column 17 function kani_proofs::kani_rate_bound_integer_form thread 0
Unwinding loop _RNvNtCs6mC682u6ZOv_17secmp_client_core11kani_proofs28kani_rate_bound_integer_form.0 iteration 2 file crates/secmp-client-core/src/kani_proofs.rs line 176 column 5 function kani_proofs::kani_rate_bound_integer_form thread 0
aborting path on assume(false) at file library/kani/src/lib.rs line 57 column 1 function kani::mem::cbmc::same_allocation thread 0
aborting path on assume(false) at file crates/secmp-client-core/src/kani_proofs.rs line 176 column 17 function kani_proofs::kani_rate_bound_integer_form thread 0
Unwinding loop _RNvNtCs6mC682u6ZOv_17secmp_client_core11kani_proofs28kani_rate_bound_integer_form.0 iteration 3 file crates/secmp-client-core/src/kani_proofs.rs line 176 column 5 function kani_proofs::kani_rate_bound_integer_form thread 0
aborting path on assume(false) at file library/kani/src/lib.rs line 57 column 1 function kani::mem::cbmc::same_allocation thread 0
aborting path on assume(false) at file crates/secmp-client-core/src/kani_proofs.rs line 176 column 17 function kani_proofs::kani_rate_bound_integer_form thread 0
Unwinding loop _RNvNtCs6mC682u6ZOv_17secmp_client_core11kani_proofs28kani_rate_bound_integer_form.0 iteration 4 file crates/secmp-client-core/src/kani_proofs.rs line 176 column 5 function kani_proofs::kani_rate_bound_integer_form thread 0
aborting path on assume(false) at file library/kani/src/lib.rs line 57 column 1 function kani::mem::cbmc::same_allocation thread 0
aborting path on assume(false) at file crates/secmp-client-core/src/kani_proofs.rs line 176 column 17 function kani_proofs::kani_rate_bound_integer_form thread 0
Unwinding loop _RNvNtCs6mC682u6ZOv_17secmp_client_core11kani_proofs28kani_rate_bound_integer_form.0 iteration 5 file crates/secmp-client-core/src/kani_proofs.rs line 176 column 5 function kani_proofs::kani_rate_bound_integer_form thread 0
aborting path on assume(false) at file library/kani/src/lib.rs line 57 column 1 function kani::mem::cbmc::same_allocation thread 0
aborting path on assume(false) at file crates/secmp-client-core/src/kani_proofs.rs line 176 column 17 function kani_proofs::kani_rate_bound_integer_form thread 0
Unwinding loop _RNvNtCs6mC682u6ZOv_17secmp_client_core11kani_proofs28kani_rate_bound_integer_form.0 iteration 6 file crates/secmp-client-core/src/kani_proofs.rs line 176 column 5 function kani_proofs::kani_rate_bound_integer_form thread 0
aborting path on assume(false) at file library/kani/src/lib.rs line 57 column 1 function kani::mem::cbmc::same_allocation thread 0
aborting path on assume(false) at file crates/secmp-client-core/src/kani_proofs.rs line 176 column 17 function kani_proofs::kani_rate_bound_integer_form thread 0
Unwinding loop _RNvNtCs6mC682u6ZOv_17secmp_client_core11kani_proofs28kani_rate_bound_integer_form.0 iteration 7 file crates/secmp-client-core/src/kani_proofs.rs line 176 column 5 function kani_proofs::kani_rate_bound_integer_form thread 0
aborting path on assume(false) at file library/kani/src/lib.rs line 57 column 1 function kani::mem::cbmc::same_allocation thread 0
aborting path on assume(false) at file crates/secmp-client-core/src/kani_proofs.rs line 176 column 17 function kani_proofs::kani_rate_bound_integer_form thread 0
Unwinding loop _RNvNtCs6mC682u6ZOv_17secmp_client_core11kani_proofs28kani_rate_bound_integer_form.0 iteration 8 file crates/secmp-client-core/src/kani_proofs.rs line 176 column 5 function kani_proofs::kani_rate_bound_integer_form thread 0
aborting path on assume(false) at file library/kani/src/lib.rs line 57 column 1 function kani::mem::cbmc::same_allocation thread 0
aborting path on assume(false) at file crates/secmp-client-core/src/kani_proofs.rs line 176 column 17 function kani_proofs::kani_rate_bound_integer_form thread 0
Unwinding loop _RNvNtCs6mC682u6ZOv_17secmp_client_core11kani_proofs28kani_rate_bound_integer_form.0 iteration 9 file crates/secmp-client-core/src/kani_proofs.rs line 176 column 5 function kani_proofs::kani_rate_bound_integer_form thread 0
aborting path on assume(false) at file library/kani/src/lib.rs line 57 column 1 function kani::mem::cbmc::same_allocation thread 0
aborting path on assume(false) at file crates/secmp-client-core/src/kani_proofs.rs line 176 column 17 function kani_proofs::kani_rate_bound_integer_form thread 0
Unwinding loop _RNvNtCs6mC682u6ZOv_17secmp_client_core11kani_proofs28kani_rate_bound_integer_form.0 iteration 10 file crates/secmp-client-core/src/kani_proofs.rs line 176 column 5 function kani_proofs::kani_rate_bound_integer_form thread 0
aborting path on assume(false) at file library/kani/src/lib.rs line 57 column 1 function kani::mem::cbmc::same_allocation thread 0
aborting path on assume(false) at file crates/secmp-client-core/src/kani_proofs.rs line 176 column 17 function kani_proofs::kani_rate_bound_integer_form thread 0
Unwinding loop _RNvNtCs6mC682u6ZOv_17secmp_client_core11kani_proofs28kani_rate_bound_integer_form.0 iteration 11 file crates/secmp-client-core/src/kani_proofs.rs line 176 column 5 function kani_proofs::kani_rate_bound_integer_form thread 0
aborting path on assume(false) at file library/kani/src/lib.rs line 57 column 1 function kani::mem::cbmc::same_allocation thread 0
aborting path on assume(false) at file crates/secmp-client-core/src/kani_proofs.rs line 176 column 17 function kani_proofs::kani_rate_bound_integer_form thread 0
Unwinding loop _RNvNtCs6mC682u6ZOv_17secmp_client_core11kani_proofs28kani_rate_bound_integer_form.0 iteration 12 file crates/secmp-client-core/src/kani_proofs.rs line 176 column 5 function kani_proofs::kani_rate_bound_integer_form thread 0
aborting path on assume(false) at file library/kani/src/lib.rs line 57 column 1 function kani::mem::cbmc::same_allocation thread 0
aborting path on assume(false) at file crates/secmp-client-core/src/kani_proofs.rs line 176 column 17 function kani_proofs::kani_rate_bound_integer_form thread 0
Unwinding loop _RNvNtCs6mC682u6ZOv_17secmp_client_core11kani_proofs28kani_rate_bound_integer_form.0 iteration 13 file crates/secmp-client-core/src/kani_proofs.rs line 176 column 5 function kani_proofs::kani_rate_bound_integer_form thread 0
aborting path on assume(false) at file library/kani/src/lib.rs line 57 column 1 function kani::mem::cbmc::same_allocation thread 0
aborting path on assume(false) at file crates/secmp-client-core/src/kani_proofs.rs line 176 column 17 function kani_proofs::kani_rate_bound_integer_form thread 0
Unwinding loop _RNvNtCs6mC682u6ZOv_17secmp_client_core11kani_proofs28kani_rate_bound_integer_form.0 iteration 14 file crates/secmp-client-core/src/kani_proofs.rs line 176 column 5 function kani_proofs::kani_rate_bound_integer_form thread 0
aborting path on assume(false) at file library/kani/src/lib.rs line 57 column 1 function kani::mem::cbmc::same_allocation thread 0
aborting path on assume(false) at file crates/secmp-client-core/src/kani_proofs.rs line 176 column 17 function kani_proofs::kani_rate_bound_integer_form thread 0
Unwinding loop _RNvNtCs6mC682u6ZOv_17secmp_client_core11kani_proofs28kani_rate_bound_integer_form.0 iteration 15 file crates/secmp-client-core/src/kani_proofs.rs line 176 column 5 function kani_proofs::kani_rate_bound_integer_form thread 0
aborting path on assume(false) at file library/kani/src/lib.rs line 57 column 1 function kani::mem::cbmc::same_allocation thread 0
aborting path on assume(false) at file crates/secmp-client-core/src/kani_proofs.rs line 176 column 17 function kani_proofs::kani_rate_bound_integer_form thread 0
Unwinding loop _RNvNtCs6mC682u6ZOv_17secmp_client_core11kani_proofs28kani_rate_bound_integer_form.0 iteration 16 file crates/secmp-client-core/src/kani_proofs.rs line 176 column 5 function kani_proofs::kani_rate_bound_integer_form thread 0
aborting path on assume(false) at file library/kani/src/lib.rs line 57 column 1 function kani::mem::cbmc::same_allocation thread 0
aborting path on assume(false) at file crates/secmp-client-core/src/kani_proofs.rs line 176 column 17 function kani_proofs::kani_rate_bound_integer_form thread 0
Unwinding loop _RNvNtCs6mC682u6ZOv_17secmp_client_core11kani_proofs28kani_rate_bound_integer_form.0 iteration 17 file crates/secmp-client-core/src/kani_proofs.rs line 176 column 5 function kani_proofs::kani_rate_bound_integer_form thread 0
aborting path on assume(false) at file library/kani/src/lib.rs line 57 column 1 function kani::mem::cbmc::same_allocation thread 0
aborting path on assume(false) at file crates/secmp-client-core/src/kani_proofs.rs line 176 column 17 function kani_proofs::kani_rate_bound_integer_form thread 0
Unwinding loop _RNvNtCs6mC682u6ZOv_17secmp_client_core11kani_proofs28kani_rate_bound_integer_form.0 iteration 18 file crates/secmp-client-core/src/kani_proofs.rs line 176 column 5 function kani_proofs::kani_rate_bound_integer_form thread 0
aborting path on assume(false) at file library/kani/src/lib.rs line 57 column 1 function kani::mem::cbmc::same_allocation thread 0
aborting path on assume(false) at file crates/secmp-client-core/src/kani_proofs.rs line 176 column 17 function kani_proofs::kani_rate_bound_integer_form thread 0
Unwinding loop _RNvNtCs6mC682u6ZOv_17secmp_client_core11kani_proofs28kani_rate_bound_integer_form.0 iteration 19 file crates/secmp-client-core/src/kani_proofs.rs line 176 column 5 function kani_proofs::kani_rate_bound_integer_form thread 0
aborting path on assume(false) at file library/kani/src/lib.rs line 57 column 1 function kani::mem::cbmc::same_allocation thread 0
aborting path on assume(false) at file crates/secmp-client-core/src/kani_proofs.rs line 176 column 17 function kani_proofs::kani_rate_bound_integer_form thread 0
Unwinding loop _RNvNtCs6mC682u6ZOv_17secmp_client_core11kani_proofs28kani_rate_bound_integer_form.0 iteration 20 file crates/secmp-client-core/src/kani_proofs.rs line 176 column 5 function kani_proofs::kani_rate_bound_integer_form thread 0
aborting path on assume(false) at file library/kani/src/lib.rs line 57 column 1 function kani::mem::cbmc::same_allocation thread 0
aborting path on assume(false) at file crates/secmp-client-core/src/kani_proofs.rs line 176 column 17 function kani_proofs::kani_rate_bound_integer_form thread 0
Unwinding loop _RNvNtCs6mC682u6ZOv_17secmp_client_core11kani_proofs28kani_rate_bound_integer_form.0 iteration 21 file crates/secmp-client-core/src/kani_proofs.rs line 176 column 5 function kani_proofs::kani_rate_bound_integer_form thread 0
aborting path on assume(false) at file library/kani/src/lib.rs line 57 column 1 function kani::mem::cbmc::same_allocation thread 0
aborting path on assume(false) at file crates/secmp-client-core/src/kani_proofs.rs line 176 column 17 function kani_proofs::kani_rate_bound_integer_form thread 0
Unwinding loop _RNvNtCs6mC682u6ZOv_17secmp_client_core11kani_proofs28kani_rate_bound_integer_form.0 iteration 22 file crates/secmp-client-core/src/kani_proofs.rs line 176 column 5 function kani_proofs::kani_rate_bound_integer_form thread 0
aborting path on assume(false) at file library/kani/src/lib.rs line 57 column 1 function kani::mem::cbmc::same_allocation thread 0
aborting path on assume(false) at file crates/secmp-client-core/src/kani_proofs.rs line 176 column 17 function kani_proofs::kani_rate_bound_integer_form thread 0
Unwinding loop _RNvNtCs6mC682u6ZOv_17secmp_client_core11kani_proofs28kani_rate_bound_integer_form.0 iteration 23 file crates/secmp-client-core/src/kani_proofs.rs line 176 column 5 function kani_proofs::kani_rate_bound_integer_form thread 0
aborting path on assume(false) at file library/kani/src/lib.rs line 57 column 1 function kani::mem::cbmc::same_allocation thread 0
aborting path on assume(false) at file crates/secmp-client-core/src/kani_proofs.rs line 176 column 17 function kani_proofs::kani_rate_bound_integer_form thread 0
Unwinding loop _RNvNtCs6mC682u6ZOv_17secmp_client_core11kani_proofs28kani_rate_bound_integer_form.0 iteration 24 file crates/secmp-client-core/src/kani_proofs.rs line 176 column 5 function kani_proofs::kani_rate_bound_integer_form thread 0
aborting path on assume(false) at file library/kani/src/lib.rs line 57 column 1 function kani::mem::cbmc::same_allocation thread 0
aborting path on assume(false) at file crates/secmp-client-core/src/kani_proofs.rs line 176 column 17 function kani_proofs::kani_rate_bound_integer_form thread 0
Unwinding loop _RNvNtCs6mC682u6ZOv_17secmp_client_core11kani_proofs28kani_rate_bound_integer_form.0 iteration 25 file crates/secmp-client-core/src/kani_proofs.rs line 176 column 5 function kani_proofs::kani_rate_bound_integer_form thread 0
aborting path on assume(false) at file library/kani/src/lib.rs line 57 column 1 function kani::mem::cbmc::same_allocation thread 0
aborting path on assume(false) at file crates/secmp-client-core/src/kani_proofs.rs line 176 column 17 function kani_proofs::kani_rate_bound_integer_form thread 0
Unwinding loop _RNvNtCs6mC682u6ZOv_17secmp_client_core11kani_proofs28kani_rate_bound_integer_form.0 iteration 26 file crates/secmp-client-core/src/kani_proofs.rs line 176 column 5 function kani_proofs::kani_rate_bound_integer_form thread 0
aborting path on assume(false) at file library/kani/src/lib.rs line 57 column 1 function kani::mem::cbmc::same_allocation thread 0
aborting path on assume(false) at file crates/secmp-client-core/src/kani_proofs.rs line 176 column 17 function kani_proofs::kani_rate_bound_integer_form thread 0
Unwinding loop _RNvNtCs6mC682u6ZOv_17secmp_client_core11kani_proofs28kani_rate_bound_integer_form.0 iteration 27 file crates/secmp-client-core/src/kani_proofs.rs line 176 column 5 function kani_proofs::kani_rate_bound_integer_form thread 0
aborting path on assume(false) at file library/kani/src/lib.rs line 57 column 1 function kani::mem::cbmc::same_allocation thread 0
aborting path on assume(false) at file crates/secmp-client-core/src/kani_proofs.rs line 176 column 17 function kani_proofs::kani_rate_bound_integer_form thread 0
Unwinding loop _RNvNtCs6mC682u6ZOv_17secmp_client_core11kani_proofs28kani_rate_bound_integer_form.0 iteration 28 file crates/secmp-client-core/src/kani_proofs.rs line 176 column 5 function kani_proofs::kani_rate_bound_integer_form thread 0
aborting path on assume(false) at file library/kani/src/lib.rs line 57 column 1 function kani::mem::cbmc::same_allocation thread 0
aborting path on assume(false) at file crates/secmp-client-core/src/kani_proofs.rs line 176 column 17 function kani_proofs::kani_rate_bound_integer_form thread 0
Unwinding loop _RNvNtCs6mC682u6ZOv_17secmp_client_core11kani_proofs28kani_rate_bound_integer_form.0 iteration 29 file crates/secmp-client-core/src/kani_proofs.rs line 176 column 5 function kani_proofs::kani_rate_bound_integer_form thread 0
aborting path on assume(false) at file library/kani/src/lib.rs line 57 column 1 function kani::mem::cbmc::same_allocation thread 0
aborting path on assume(false) at file crates/secmp-client-core/src/kani_proofs.rs line 176 column 17 function kani_proofs::kani_rate_bound_integer_form thread 0
Unwinding loop _RNvNtCs6mC682u6ZOv_17secmp_client_core11kani_proofs28kani_rate_bound_integer_form.0 iteration 30 file crates/secmp-client-core/src/kani_proofs.rs line 176 column 5 function kani_proofs::kani_rate_bound_integer_form thread 0
aborting path on assume(false) at file library/kani/src/lib.rs line 57 column 1 function kani::mem::cbmc::same_allocation thread 0
aborting path on assume(false) at file crates/secmp-client-core/src/kani_proofs.rs line 176 column 17 function kani_proofs::kani_rate_bound_integer_form thread 0
Unwinding loop _RNvNtCs6mC682u6ZOv_17secmp_client_core11kani_proofs28kani_rate_bound_integer_form.0 iteration 31 file crates/secmp-client-core/src/kani_proofs.rs line 176 column 5 function kani_proofs::kani_rate_bound_integer_form thread 0
aborting path on assume(false) at file library/kani/src/lib.rs line 57 column 1 function kani::mem::cbmc::same_allocation thread 0
aborting path on assume(false) at file crates/secmp-client-core/src/kani_proofs.rs line 176 column 17 function kani_proofs::kani_rate_bound_integer_form thread 0
Unwinding loop _RNvNtCs6mC682u6ZOv_17secmp_client_core11kani_proofs28kani_rate_bound_integer_form.0 iteration 32 file crates/secmp-client-core/src/kani_proofs.rs line 176 column 5 function kani_proofs::kani_rate_bound_integer_form thread 0
aborting path on assume(false) at file library/kani/src/lib.rs line 57 column 1 function kani::mem::cbmc::same_allocation thread 0
aborting path on assume(false) at file crates/secmp-client-core/src/kani_proofs.rs line 176 column 17 function kani_proofs::kani_rate_bound_integer_form thread 0
Unwinding loop _RNvNtCs6mC682u6ZOv_17secmp_client_core11kani_proofs28kani_rate_bound_integer_form.0 iteration 33 file crates/secmp-client-core/src/kani_proofs.rs line 176 column 5 function kani_proofs::kani_rate_bound_integer_form thread 0
aborting path on assume(false) at file library/kani/src/lib.rs line 57 column 1 function kani::mem::cbmc::same_allocation thread 0
aborting path on assume(false) at file crates/secmp-client-core/src/kani_proofs.rs line 176 column 17 function kani_proofs::kani_rate_bound_integer_form thread 0
Not unwinding loop _RNvNtCs6mC682u6ZOv_17secmp_client_core11kani_proofs28kani_rate_bound_integer_form.0 iteration 34 file crates/secmp-client-core/src/kani_proofs.rs line 176 column 5 function kani_proofs::kani_rate_bound_integer_form thread 0
aborting path on assume(false) at file /home/runner/.rustup/toolchains/nightly-2026-08-21-x86_64-unknown-linux-gnu/lib/rustlib/src/rust/library/core/src/slice/index.rs line 50 column 9 function core::slice::index::slice_index_fail::do_panic::runtime thread 0
aborting path on assume(false) at file /home/runner/.rustup/toolchains/nightly-2026-08-21-x86_64-unknown-linux-gnu/lib/rustlib/src/rust/library/core/src/intrinsics/mod.rs line 2641 column 9 function core::slice::index::slice_index_fail::do_panic thread 0
aborting path on assume(false) at file /home/runner/.rustup/toolchains/nightly-2026-08-21-x86_64-unknown-linux-gnu/lib/rustlib/src/rust/library/core/src/panic.rs line 177 column 9 function core::slice::index::slice_index_fail thread 0
aborting path on assume(false) at file /home/runner/.rustup/toolchains/nightly-2026-08-21-x86_64-unknown-linux-gnu/lib/rustlib/src/rust/library/core/src/slice/index.rs line 69 column 5 function core::slice::index::slice_index_fail::do_panic::runtime thread 0
aborting path on assume(false) at file /home/runner/.rustup/toolchains/nightly-2026-08-21-x86_64-unknown-linux-gnu/lib/rustlib/src/rust/library/core/src/intrinsics/mod.rs line 2641 column 9 function core::slice::index::slice_index_fail::do_panic thread 0
aborting path on assume(false) at file /home/runner/.rustup/toolchains/nightly-2026-08-21-x86_64-unknown-linux-gnu/lib/rustlib/src/rust/library/core/src/panic.rs line 177 column 9 function core::slice::index::slice_index_fail thread 0
aborting path on assume(false) at file /home/runner/.rustup/toolchains/nightly-2026-08-21-x86_64-unknown-linux-gnu/lib/rustlib/src/rust/library/core/src/slice/index.rs line 413 column 13 function <std::ops::Range<usize> as std::slice::SliceIndex<[u64]>>::index thread 0
aborting path on assume(false) at file library/kani_core/src/models.rs line 203 column 17 function <usize as kani::rustc_intrinsics::ToISize>::to_isize thread 0
aborting path on assume(false) at file library/kani/src/lib.rs line 57 column 1 function <usize as kani::rustc_intrinsics::ToISize>::to_isize thread 0
aborting path on assume(false) at file library/kani/src/lib.rs line 57 column 1 function <usize as kani::rustc_intrinsics::ToISize>::to_isize thread 0
aborting path on assume(false) at file /home/runner/.rustup/toolchains/nightly-2026-08-21-x86_64-unknown-linux-gnu/lib/rustlib/src/rust/library/core/src/option.rs line 2137 column 15 function std::option::Option::<&u64>::copied thread 0
aborting path on assume(false) at file crates/secmp-client-core/src/scheduler/params.rs line 113 column 14 function scheduler::params::rate_sum_ok::<std::iter::Copied<std::slice::Iter<'_, u64>>> thread 0
aborting path on assume(false) at file /home/runner/.rustup/toolchains/nightly-2026-08-21-x86_64-unknown-linux-gnu/lib/rustlib/src/rust/library/core/src/option.rs line 2439 column 15 function <std::option::Option<u64> as std::cmp::PartialEq>::eq thread 0
Unwinding loop _RINvNtNtCs6mC682u6ZOv_17secmp_client_core9scheduler6params11rate_sum_okINtNtNtNtCs8xvirJzNMvV_4core4iter8adapters6copied6CopiedINtNtNtB1g_5slice4iter4IteryEEEB6_.0 iteration 1 file crates/secmp-client-core/src/scheduler/params.rs line 113 column 5 function scheduler::params::rate_sum_ok::<std::iter::Copied<std::slice::Iter<'_, u64>>> thread 0
aborting path on assume(false) at file library/kani/src/lib.rs line 57 column 1 function kani::mem::cbmc::same_allocation thread 0
aborting path on assume(false) at file /home/runner/.rustup/toolchains/nightly-2026-08-21-x86_64-unknown-linux-gnu/lib/rustlib/src/rust/library/core/src/option.rs line 2137 column 15 function std::option::Option::<&u64>::copied thread 0
aborting path on assume(false) at file crates/secmp-client-core/src/scheduler/params.rs line 113 column 14 function scheduler::params::rate_sum_ok::<std::iter::Copied<std::slice::Iter<'_, u64>>> thread 0
aborting path on assume(false) at file /home/runner/.rustup/toolchains/nightly-2026-08-21-x86_64-unknown-linux-gnu/lib/rustlib/src/rust/library/core/src/option.rs line 2439 column 15 function <std::option::Option<u64> as std::cmp::PartialEq>::eq thread 0
Unwinding loop _RINvNtNtCs6mC682u6ZOv_17secmp_client_core9scheduler6params11rate_sum_okINtNtNtNtCs8xvirJzNMvV_4core4iter8adapters6copied6CopiedINtNtNtB1g_5slice4iter4IteryEEEB6_.0 iteration 2 file crates/secmp-client-core/src/scheduler/params.rs line 113 column 5 function scheduler::params::rate_sum_ok::<std::iter::Copied<std::slice::Iter<'_, u64>>> thread 0
aborting path on assume(false) at file library/kani/src/lib.rs line 57 column 1 function kani::mem::cbmc::same_allocation thread 0
aborting path on assume(false) at file /home/runner/.rustup/toolchains/nightly-2026-08-21-x86_64-unknown-linux-gnu/lib/rustlib/src/rust/library/core/src/option.rs line 2137 column 15 function std::option::Option::<&u64>::copied thread 0
aborting path on assume(false) at file crates/secmp-client-core/src/scheduler/params.rs line 113 column 14 function scheduler::params::rate_sum_ok::<std::iter::Copied<std::slice::Iter<'_, u64>>> thread 0
aborting path on assume(false) at file /home/runner/.rustup/toolchains/nightly-2026-08-21-x86_64-unknown-linux-gnu/lib/rustlib/src/rust/library/core/src/option.rs line 2439 column 15 function <std::option::Option<u64> as std::cmp::PartialEq>::eq thread 0
Unwinding loop _RINvNtNtCs6mC682u6ZOv_17secmp_client_core9scheduler6params11rate_sum_okINtNtNtNtCs8xvirJzNMvV_4core4iter8adapters6copied6CopiedINtNtNtB1g_5slice4iter4IteryEEEB6_.0 iteration 3 file crates/secmp-client-core/src/scheduler/params.rs line 113 column 5 function scheduler::params::rate_sum_ok::<std::iter::Copied<std::slice::Iter<'_, u64>>> thread 0
aborting path on assume(false) at file library/kani/src/lib.rs line 57 column 1 function kani::mem::cbmc::same_allocation thread 0
aborting path on assume(false) at file /home/runner/.rustup/toolchains/nightly-2026-08-21-x86_64-unknown-linux-gnu/lib/rustlib/src/rust/library/core/src/option.rs line 2137 column 15 function std::option::Option::<&u64>::copied thread 0
aborting path on assume(false) at file crates/secmp-client-core/src/scheduler/params.rs line 113 column 14 function scheduler::params::rate_sum_ok::<std::iter::Copied<std::slice::Iter<'_, u64>>> thread 0
aborting path on assume(false) at file /home/runner/.rustup/toolchains/nightly-2026-08-21-x86_64-unknown-linux-gnu/lib/rustlib/src/rust/library/core/src/option.rs line 2439 column 15 function <std::option::Option<u64> as std::cmp::PartialEq>::eq thread 0
Unwinding loop _RINvNtNtCs6mC682u6ZOv_17secmp_client_core9scheduler6params11rate_sum_okINtNtNtNtCs8xvirJzNMvV_4core4iter8adapters6copied6CopiedINtNtNtB1g_5slice4iter4IteryEEEB6_.0 iteration 4 file crates/secmp-client-core/src/scheduler/params.rs line 113 column 5 function scheduler::params::rate_sum_ok::<std::iter::Copied<std::slice::Iter<'_, u64>>> thread 0
aborting path on assume(false) at file library/kani/src/lib.rs line 57 column 1 function kani::mem::cbmc::same_allocation thread 0
aborting path on assume(false) at file /home/runner/.rustup/toolchains/nightly-2026-08-21-x86_64-unknown-linux-gnu/lib/rustlib/src/rust/library/core/src/option.rs line 2137 column 15 function std::option::Option::<&u64>::copied thread 0
aborting path on assume(false) at file crates/secmp-client-core/src/scheduler/params.rs line 113 column 14 function scheduler::params::rate_sum_ok::<std::iter::Copied<std::slice::Iter<'_, u64>>> thread 0
aborting path on assume(false) at file /home/runner/.rustup/toolchains/nightly-2026-08-21-x86_64-unknown-linux-gnu/lib/rustlib/src/rust/library/core/src/option.rs line 2439 column 15 function <std::option::Option<u64> as std::cmp::PartialEq>::eq thread 0
Unwinding loop _RINvNtNtCs6mC682u6ZOv_17secmp_client_core9scheduler6params11rate_sum_okINtNtNtNtCs8xvirJzNMvV_4core4iter8adapters6copied6CopiedINtNtNtB1g_5slice4iter4IteryEEEB6_.0 iteration 5 file crates/secmp-client-core/src/scheduler/params.rs line 113 column 5 function scheduler::params::rate_sum_ok::<std::iter::Copied<std::slice::Iter<'_, u64>>> thread 0
aborting path on assume(false) at file library/kani/src/lib.rs line 57 column 1 function kani::mem::cbmc::same_allocation thread 0
aborting path on assume(false) at file /home/runner/.rustup/toolchains/nightly-2026-08-21-x86_64-unknown-linux-gnu/lib/rustlib/src/rust/library/core/src/option.rs line 2137 column 15 function std::option::Option::<&u64>::copied thread 0
aborting path on assume(false) at file crates/secmp-client-core/src/scheduler/params.rs line 113 column 14 function scheduler::params::rate_sum_ok::<std::iter::Copied<std::slice::Iter<'_, u64>>> thread 0
aborting path on assume(false) at file /home/runner/.rustup/toolchains/nightly-2026-08-21-x86_64-unknown-linux-gnu/lib/rustlib/src/rust/library/core/src/option.rs line 2439 column 15 function <std::option::Option<u64> as std::cmp::PartialEq>::eq thread 0
Unwinding loop _RINvNtNtCs6mC682u6ZOv_17secmp_client_core9scheduler6params11rate_sum_okINtNtNtNtCs8xvirJzNMvV_4core4iter8adapters6copied6CopiedINtNtNtB1g_5slice4iter4IteryEEEB6_.0 iteration 6 file crates/secmp-client-core/src/scheduler/params.rs line 113 column 5 function scheduler::params::rate_sum_ok::<std::iter::Copied<std::slice::Iter<'_, u64>>> thread 0
aborting path on assume(false) at file library/kani/src/lib.rs line 57 column 1 function kani::mem::cbmc::same_allocation thread 0
aborting path on assume(false) at file /home/runner/.rustup/toolchains/nightly-2026-08-21-x86_64-unknown-linux-gnu/lib/rustlib/src/rust/library/core/src/option.rs line 2137 column 15 function std::option::Option::<&u64>::copied thread 0
aborting path on assume(false) at file crates/secmp-client-core/src/scheduler/params.rs line 113 column 14 function scheduler::params::rate_sum_ok::<std::iter::Copied<std::slice::Iter<'_, u64>>> thread 0
aborting path on assume(false) at file /home/runner/.rustup/toolchains/nightly-2026-08-21-x86_64-unknown-linux-gnu/lib/rustlib/src/rust/library/core/src/option.rs line 2439 column 15 function <std::option::Option<u64> as std::cmp::PartialEq>::eq thread 0
Unwinding loop _RINvNtNtCs6mC682u6ZOv_17secmp_client_core9scheduler6params11rate_sum_okINtNtNtNtCs8xvirJzNMvV_4core4iter8adapters6copied6CopiedINtNtNtB1g_5slice4iter4IteryEEEB6_.0 iteration 7 file crates/secmp-client-core/src/scheduler/params.rs line 113 column 5 function scheduler::params::rate_sum_ok::<std::iter::Copied<std::slice::Iter<'_, u64>>> thread 0
aborting path on assume(false) at file library/kani/src/lib.rs line 57 column 1 function kani::mem::cbmc::same_allocation thread 0
aborting path on assume(false) at file /home/runner/.rustup/toolchains/nightly-2026-08-21-x86_64-unknown-linux-gnu/lib/rustlib/src/rust/library/core/src/option.rs line 2137 column 15 function std::option::Option::<&u64>::copied thread 0
aborting path on assume(false) at file crates/secmp-client-core/src/scheduler/params.rs line 113 column 14 function scheduler::params::rate_sum_ok::<std::iter::Copied<std::slice::Iter<'_, u64>>> thread 0
aborting path on assume(false) at file /home/runner/.rustup/toolchains/nightly-2026-08-21-x86_64-unknown-linux-gnu/lib/rustlib/src/rust/library/core/src/option.rs line 2439 column 15 function <std::option::Option<u64> as std::cmp::PartialEq>::eq thread 0
Unwinding loop _RINvNtNtCs6mC682u6ZOv_17secmp_client_core9scheduler6params11rate_sum_okINtNtNtNtCs8xvirJzNMvV_4core4iter8adapters6copied6CopiedINtNtNtB1g_5slice4iter4IteryEEEB6_.0 iteration 8 file crates/secmp-client-core/src/scheduler/params.rs line 113 column 5 function scheduler::params::rate_sum_ok::<std::iter::Copied<std::slice::Iter<'_, u64>>> thread 0
aborting path on assume(false) at file library/kani/src/lib.rs line 57 column 1 function kani::mem::cbmc::same_allocation thread 0
aborting path on assume(false) at file /home/runner/.rustup/toolchains/nightly-2026-08-21-x86_64-unknown-linux-gnu/lib/rustlib/src/rust/library/core/src/option.rs line 2137 column 15 function std::option::Option::<&u64>::copied thread 0
aborting path on assume(false) at file crates/secmp-client-core/src/scheduler/params.rs line 113 column 14 function scheduler::params::rate_sum_ok::<std::iter::Copied<std::slice::Iter<'_, u64>>> thread 0
aborting path on assume(false) at file /home/runner/.rustup/toolchains/nightly-2026-08-21-x86_64-unknown-linux-gnu/lib/rustlib/src/rust/library/core/src/option.rs line 2439 column 15 function <std::option::Option<u64> as std::cmp::PartialEq>::eq thread 0
Unwinding loop _RINvNtNtCs6mC682u6ZOv_17secmp_client_core9scheduler6params11rate_sum_okINtNtNtNtCs8xvirJzNMvV_4core4iter8adapters6copied6CopiedINtNtNtB1g_5slice4iter4IteryEEEB6_.0 iteration 9 file crates/secmp-client-core/src/scheduler/params.rs line 113 column 5 function scheduler::params::rate_sum_ok::<std::iter::Copied<std::slice::Iter<'_, u64>>> thread 0
aborting path on assume(false) at file library/kani/src/lib.rs line 57 column 1 function kani::mem::cbmc::same_allocation thread 0
aborting path on assume(false) at file /home/runner/.rustup/toolchains/nightly-2026-08-21-x86_64-unknown-linux-gnu/lib/rustlib/src/rust/library/core/src/option.rs line 2137 column 15 function std::option::Option::<&u64>::copied thread 0
aborting path on assume(false) at file crates/secmp-client-core/src/scheduler/params.rs line 113 column 14 function scheduler::params::rate_sum_ok::<std::iter::Copied<std::slice::Iter<'_, u64>>> thread 0
aborting path on assume(false) at file /home/runner/.rustup/toolchains/nightly-2026-08-21-x86_64-unknown-linux-gnu/lib/rustlib/src/rust/library/core/src/option.rs line 2439 column 15 function <std::option::Option<u64> as std::cmp::PartialEq>::eq thread 0
Unwinding loop _RINvNtNtCs6mC682u6ZOv_17secmp_client_core9scheduler6params11rate_sum_okINtNtNtNtCs8xvirJzNMvV_4core4iter8adapters6copied6CopiedINtNtNtB1g_5slice4iter4IteryEEEB6_.0 iteration 10 file crates/secmp-client-core/src/scheduler/params.rs line 113 column 5 function scheduler::params::rate_sum_ok::<std::iter::Copied<std::slice::Iter<'_, u64>>> thread 0
aborting path on assume(false) at file library/kani/src/lib.rs line 57 column 1 function kani::mem::cbmc::same_allocation thread 0
aborting path on assume(false) at file /home/runner/.rustup/toolchains/nightly-2026-08-21-x86_64-unknown-linux-gnu/lib/rustlib/src/rust/library/core/src/option.rs line 2137 column 15 function std::option::Option::<&u64>::copied thread 0
aborting path on assume(false) at file crates/secmp-client-core/src/scheduler/params.rs line 113 column 14 function scheduler::params::rate_sum_ok::<std::iter::Copied<std::slice::Iter<'_, u64>>> thread 0
aborting path on assume(false) at file /home/runner/.rustup/toolchains/nightly-2026-08-21-x86_64-unknown-linux-gnu/lib/rustlib/src/rust/library/core/src/option.rs line 2439 column 15 function <std::option::Option<u64> as std::cmp::PartialEq>::eq thread 0
Unwinding loop _RINvNtNtCs6mC682u6ZOv_17secmp_client_core9scheduler6params11rate_sum_okINtNtNtNtCs8xvirJzNMvV_4core4iter8adapters6copied6CopiedINtNtNtB1g_5slice4iter4IteryEEEB6_.0 iteration 11 file crates/secmp-client-core/src/scheduler/params.rs line 113 column 5 function scheduler::params::rate_sum_ok::<std::iter::Copied<std::slice::Iter<'_, u64>>> thread 0
aborting path on assume(false) at file library/kani/src/lib.rs line 57 column 1 function kani::mem::cbmc::same_allocation thread 0
aborting path on assume(false) at file /home/runner/.rustup/toolchains/nightly-2026-08-21-x86_64-unknown-linux-gnu/lib/rustlib/src/rust/library/core/src/option.rs line 2137 column 15 function std::option::Option::<&u64>::copied thread 0
aborting path on assume(false) at file crates/secmp-client-core/src/scheduler/params.rs line 113 column 14 function scheduler::params::rate_sum_ok::<std::iter::Copied<std::slice::Iter<'_, u64>>> thread 0
aborting path on assume(false) at file /home/runner/.rustup/toolchains/nightly-2026-08-21-x86_64-unknown-linux-gnu/lib/rustlib/src/rust/library/core/src/option.rs line 2439 column 15 function <std::option::Option<u64> as std::cmp::PartialEq>::eq thread 0
Unwinding loop _RINvNtNtCs6mC682u6ZOv_17secmp_client_core9scheduler6params11rate_sum_okINtNtNtNtCs8xvirJzNMvV_4core4iter8adapters6copied6CopiedINtNtNtB1g_5slice4iter4IteryEEEB6_.0 iteration 12 file crates/secmp-client-core/src/scheduler/params.rs line 113 column 5 function scheduler::params::rate_sum_ok::<std::iter::Copied<std::slice::Iter<'_, u64>>> thread 0
aborting path on assume(false) at file library/kani/src/lib.rs line 57 column 1 function kani::mem::cbmc::same_allocation thread 0
aborting path on assume(false) at file /home/runner/.rustup/toolchains/nightly-2026-08-21-x86_64-unknown-linux-gnu/lib/rustlib/src/rust/library/core/src/option.rs line 2137 column 15 function std::option::Option::<&u64>::copied thread 0
aborting path on assume(false) at file crates/secmp-client-core/src/scheduler/params.rs line 113 column 14 function scheduler::params::rate_sum_ok::<std::iter::Copied<std::slice::Iter<'_, u64>>> thread 0
aborting path on assume(false) at file /home/runner/.rustup/toolchains/nightly-2026-08-21-x86_64-unknown-linux-gnu/lib/rustlib/src/rust/library/core/src/option.rs line 2439 column 15 function <std::option::Option<u64> as std::cmp::PartialEq>::eq thread 0
Unwinding loop _RINvNtNtCs6mC682u6ZOv_17secmp_client_core9scheduler6params11rate_sum_okINtNtNtNtCs8xvirJzNMvV_4core4iter8adapters6copied6CopiedINtNtNtB1g_5slice4iter4IteryEEEB6_.0 iteration 13 file crates/secmp-client-core/src/scheduler/params.rs line 113 column 5 function scheduler::params::rate_sum_ok::<std::iter::Copied<std::slice::Iter<'_, u64>>> thread 0
aborting path on assume(false) at file library/kani/src/lib.rs line 57 column 1 function kani::mem::cbmc::same_allocation thread 0
aborting path on assume(false) at file /home/runner/.rustup/toolchains/nightly-2026-08-21-x86_64-unknown-linux-gnu/lib/rustlib/src/rust/library/core/src/option.rs line 2137 column 15 function std::option::Option::<&u64>::copied thread 0
aborting path on assume(false) at file crates/secmp-client-core/src/scheduler/params.rs line 113 column 14 function scheduler::params::rate_sum_ok::<std::iter::Copied<std::slice::Iter<'_, u64>>> thread 0
aborting path on assume(false) at file /home/runner/.rustup/toolchains/nightly-2026-08-21-x86_64-unknown-linux-gnu/lib/rustlib/src/rust/library/core/src/option.rs line 2439 column 15 function <std::option::Option<u64> as std::cmp::PartialEq>::eq thread 0
Unwinding loop _RINvNtNtCs6mC682u6ZOv_17secmp_client_core9scheduler6params11rate_sum_okINtNtNtNtCs8xvirJzNMvV_4core4iter8adapters6copied6CopiedINtNtNtB1g_5slice4iter4IteryEEEB6_.0 iteration 14 file crates/secmp-client-core/src/scheduler/params.rs line 113 column 5 function scheduler::params::rate_sum_ok::<std::iter::Copied<std::slice::Iter<'_, u64>>> thread 0
aborting path on assume(false) at file library/kani/src/lib.rs line 57 column 1 function kani::mem::cbmc::same_allocation thread 0
aborting path on assume(false) at file /home/runner/.rustup/toolchains/nightly-2026-08-21-x86_64-unknown-linux-gnu/lib/rustlib/src/rust/library/core/src/option.rs line 2137 column 15 function std::option::Option::<&u64>::copied thread 0
aborting path on assume(false) at file crates/secmp-client-core/src/scheduler/params.rs line 113 column 14 function scheduler::params::rate_sum_ok::<std::iter::Copied<std::slice::Iter<'_, u64>>> thread 0
aborting path on assume(false) at file /home/runner/.rustup/toolchains/nightly-2026-08-21-x86_64-unknown-linux-gnu/lib/rustlib/src/rust/library/core/src/option.rs line 2439 column 15 function <std::option::Option<u64> as std::cmp::PartialEq>::eq thread 0
Unwinding loop _RINvNtNtCs6mC682u6ZOv_17secmp_client_core9scheduler6params11rate_sum_okINtNtNtNtCs8xvirJzNMvV_4core4iter8adapters6copied6CopiedINtNtNtB1g_5slice4iter4IteryEEEB6_.0 iteration 15 file crates/secmp-client-core/src/scheduler/params.rs line 113 column 5 function scheduler::params::rate_sum_ok::<std::iter::Copied<std::slice::Iter<'_, u64>>> thread 0
aborting path on assume(false) at file library/kani/src/lib.rs line 57 column 1 function kani::mem::cbmc::same_allocation thread 0
aborting path on assume(false) at file /home/runner/.rustup/toolchains/nightly-2026-08-21-x86_64-unknown-linux-gnu/lib/rustlib/src/rust/library/core/src/option.rs line 2137 column 15 function std::option::Option::<&u64>::copied thread 0
aborting path on assume(false) at file crates/secmp-client-core/src/scheduler/params.rs line 113 column 14 function scheduler::params::rate_sum_ok::<std::iter::Copied<std::slice::Iter<'_, u64>>> thread 0
aborting path on assume(false) at file /home/runner/.rustup/toolchains/nightly-2026-08-21-x86_64-unknown-linux-gnu/lib/rustlib/src/rust/library/core/src/option.rs line 2439 column 15 function <std::option::Option<u64> as std::cmp::PartialEq>::eq thread 0
Unwinding loop _RINvNtNtCs6mC682u6ZOv_17secmp_client_core9scheduler6params11rate_sum_okINtNtNtNtCs8xvirJzNMvV_4core4iter8adapters6copied6CopiedINtNtNtB1g_5slice4iter4IteryEEEB6_.0 iteration 16 file crates/secmp-client-core/src/scheduler/params.rs line 113 column 5 function scheduler::params::rate_sum_ok::<std::iter::Copied<std::slice::Iter<'_, u64>>> thread 0
aborting path on assume(false) at file library/kani/src/lib.rs line 57 column 1 function kani::mem::cbmc::same_allocation thread 0
aborting path on assume(false) at file /home/runner/.rustup/toolchains/nightly-2026-08-21-x86_64-unknown-linux-gnu/lib/rustlib/src/rust/library/core/src/option.rs line 2137 column 15 function std::option::Option::<&u64>::copied thread 0
aborting path on assume(false) at file crates/secmp-client-core/src/scheduler/params.rs line 113 column 14 function scheduler::params::rate_sum_ok::<std::iter::Copied<std::slice::Iter<'_, u64>>> thread 0
aborting path on assume(false) at file /home/runner/.rustup/toolchains/nightly-2026-08-21-x86_64-unknown-linux-gnu/lib/rustlib/src/rust/library/core/src/option.rs line 2439 column 15 function <std::option::Option<u64> as std::cmp::PartialEq>::eq thread 0
Unwinding loop _RINvNtNtCs6mC682u6ZOv_17secmp_client_core9scheduler6params11rate_sum_okINtNtNtNtCs8xvirJzNMvV_4core4iter8adapters6copied6CopiedINtNtNtB1g_5slice4iter4IteryEEEB6_.0 iteration 17 file crates/secmp-client-core/src/scheduler/params.rs line 113 column 5 function scheduler::params::rate_sum_ok::<std::iter::Copied<std::slice::Iter<'_, u64>>> thread 0
aborting path on assume(false) at file library/kani/src/lib.rs line 57 column 1 function kani::mem::cbmc::same_allocation thread 0
aborting path on assume(false) at file /home/runner/.rustup/toolchains/nightly-2026-08-21-x86_64-unknown-linux-gnu/lib/rustlib/src/rust/library/core/src/option.rs line 2137 column 15 function std::option::Option::<&u64>::copied thread 0
aborting path on assume(false) at file crates/secmp-client-core/src/scheduler/params.rs line 113 column 14 function scheduler::params::rate_sum_ok::<std::iter::Copied<std::slice::Iter<'_, u64>>> thread 0
aborting path on assume(false) at file /home/runner/.rustup/toolchains/nightly-2026-08-21-x86_64-unknown-linux-gnu/lib/rustlib/src/rust/library/core/src/option.rs line 2439 column 15 function <std::option::Option<u64> as std::cmp::PartialEq>::eq thread 0
Unwinding loop _RINvNtNtCs6mC682u6ZOv_17secmp_client_core9scheduler6params11rate_sum_okINtNtNtNtCs8xvirJzNMvV_4core4iter8adapters6copied6CopiedINtNtNtB1g_5slice4iter4IteryEEEB6_.0 iteration 18 file crates/secmp-client-core/src/scheduler/params.rs line 113 column 5 function scheduler::params::rate_sum_ok::<std::iter::Copied<std::slice::Iter<'_, u64>>> thread 0
aborting path on assume(false) at file library/kani/src/lib.rs line 57 column 1 function kani::mem::cbmc::same_allocation thread 0
aborting path on assume(false) at file /home/runner/.rustup/toolchains/nightly-2026-08-21-x86_64-unknown-linux-gnu/lib/rustlib/src/rust/library/core/src/option.rs line 2137 column 15 function std::option::Option::<&u64>::copied thread 0
aborting path on assume(false) at file crates/secmp-client-core/src/scheduler/params.rs line 113 column 14 function scheduler::params::rate_sum_ok::<std::iter::Copied<std::slice::Iter<'_, u64>>> thread 0
aborting path on assume(false) at file /home/runner/.rustup/toolchains/nightly-2026-08-21-x86_64-unknown-linux-gnu/lib/rustlib/src/rust/library/core/src/option.rs line 2439 column 15 function <std::option::Option<u64> as std::cmp::PartialEq>::eq thread 0
Unwinding loop _RINvNtNtCs6mC682u6ZOv_17secmp_client_core9scheduler6params11rate_sum_okINtNtNtNtCs8xvirJzNMvV_4core4iter8adapters6copied6CopiedINtNtNtB1g_5slice4iter4IteryEEEB6_.0 iteration 19 file crates/secmp-client-core/src/scheduler/params.rs line 113 column 5 function scheduler::params::rate_sum_ok::<std::iter::Copied<std::slice::Iter<'_, u64>>> thread 0
aborting path on assume(false) at file library/kani/src/lib.rs line 57 column 1 function kani::mem::cbmc::same_allocation thread 0
aborting path on assume(false) at file /home/runner/.rustup/toolchains/nightly-2026-08-21-x86_64-unknown-linux-gnu/lib/rustlib/src/rust/library/core/src/option.rs line 2137 column 15 function std::option::Option::<&u64>::copied thread 0
aborting path on assume(false) at file crates/secmp-client-core/src/scheduler/params.rs line 113 column 14 function scheduler::params::rate_sum_ok::<std::iter::Copied<std::slice::Iter<'_, u64>>> thread 0
aborting path on assume(false) at file /home/runner/.rustup/toolchains/nightly-2026-08-21-x86_64-unknown-linux-gnu/lib/rustlib/src/rust/library/core/src/option.rs line 2439 column 15 function <std::option::Option<u64> as std::cmp::PartialEq>::eq thread 0
Unwinding loop _RINvNtNtCs6mC682u6ZOv_17secmp_client_core9scheduler6params11rate_sum_okINtNtNtNtCs8xvirJzNMvV_4core4iter8adapters6copied6CopiedINtNtNtB1g_5slice4iter4IteryEEEB6_.0 iteration 20 file crates/secmp-client-core/src/scheduler/params.rs line 113 column 5 function scheduler::params::rate_sum_ok::<std::iter::Copied<std::slice::Iter<'_, u64>>> thread 0
aborting path on assume(false) at file library/kani/src/lib.rs line 57 column 1 function kani::mem::cbmc::same_allocation thread 0
aborting path on assume(false) at file /home/runner/.rustup/toolchains/nightly-2026-08-21-x86_64-unknown-linux-gnu/lib/rustlib/src/rust/library/core/src/option.rs line 2137 column 15 function std::option::Option::<&u64>::copied thread 0
aborting path on assume(false) at file crates/secmp-client-core/src/scheduler/params.rs line 113 column 14 function scheduler::params::rate_sum_ok::<std::iter::Copied<std::slice::Iter<'_, u64>>> thread 0
aborting path on assume(false) at file /home/runner/.rustup/toolchains/nightly-2026-08-21-x86_64-unknown-linux-gnu/lib/rustlib/src/rust/library/core/src/option.rs line 2439 column 15 function <std::option::Option<u64> as std::cmp::PartialEq>::eq thread 0
Unwinding loop _RINvNtNtCs6mC682u6ZOv_17secmp_client_core9scheduler6params11rate_sum_okINtNtNtNtCs8xvirJzNMvV_4core4iter8adapters6copied6CopiedINtNtNtB1g_5slice4iter4IteryEEEB6_.0 iteration 21 file crates/secmp-client-core/src/scheduler/params.rs line 113 column 5 function scheduler::params::rate_sum_ok::<std::iter::Copied<std::slice::Iter<'_, u64>>> thread 0
aborting path on assume(false) at file library/kani/src/lib.rs line 57 column 1 function kani::mem::cbmc::same_allocation thread 0
aborting path on assume(false) at file /home/runner/.rustup/toolchains/nightly-2026-08-21-x86_64-unknown-linux-gnu/lib/rustlib/src/rust/library/core/src/option.rs line 2137 column 15 function std::option::Option::<&u64>::copied thread 0
aborting path on assume(false) at file crates/secmp-client-core/src/scheduler/params.rs line 113 column 14 function scheduler::params::rate_sum_ok::<std::iter::Copied<std::slice::Iter<'_, u64>>> thread 0
aborting path on assume(false) at file /home/runner/.rustup/toolchains/nightly-2026-08-21-x86_64-unknown-linux-gnu/lib/rustlib/src/rust/library/core/src/option.rs line 2439 column 15 function <std::option::Option<u64> as std::cmp::PartialEq>::eq thread 0
Unwinding loop _RINvNtNtCs6mC682u6ZOv_17secmp_client_core9scheduler6params11rate_sum_okINtNtNtNtCs8xvirJzNMvV_4core4iter8adapters6copied6CopiedINtNtNtB1g_5slice4iter4IteryEEEB6_.0 iteration 22 file crates/secmp-client-core/src/scheduler/params.rs line 113 column 5 function scheduler::params::rate_sum_ok::<std::iter::Copied<std::slice::Iter<'_, u64>>> thread 0
aborting path on assume(false) at file library/kani/src/lib.rs line 57 column 1 function kani::mem::cbmc::same_allocation thread 0
aborting path on assume(false) at file /home/runner/.rustup/toolchains/nightly-2026-08-21-x86_64-unknown-linux-gnu/lib/rustlib/src/rust/library/core/src/option.rs line 2137 column 15 function std::option::Option::<&u64>::copied thread 0
aborting path on assume(false) at file crates/secmp-client-core/src/scheduler/params.rs line 113 column 14 function scheduler::params::rate_sum_ok::<std::iter::Copied<std::slice::Iter<'_, u64>>> thread 0
aborting path on assume(false) at file /home/runner/.rustup/toolchains/nightly-2026-08-21-x86_64-unknown-linux-gnu/lib/rustlib/src/rust/library/core/src/option.rs line 2439 column 15 function <std::option::Option<u64> as std::cmp::PartialEq>::eq thread 0
Unwinding loop _RINvNtNtCs6mC682u6ZOv_17secmp_client_core9scheduler6params11rate_sum_okINtNtNtNtCs8xvirJzNMvV_4core4iter8adapters6copied6CopiedINtNtNtB1g_5slice4iter4IteryEEEB6_.0 iteration 23 file crates/secmp-client-core/src/scheduler/params.rs line 113 column 5 function scheduler::params::rate_sum_ok::<std::iter::Copied<std::slice::Iter<'_, u64>>> thread 0
aborting path on assume(false) at file library/kani/src/lib.rs line 57 column 1 function kani::mem::cbmc::same_allocation thread 0
aborting path on assume(false) at file /home/runner/.rustup/toolchains/nightly-2026-08-21-x86_64-unknown-linux-gnu/lib/rustlib/src/rust/library/core/src/option.rs line 2137 column 15 function std::option::Option::<&u64>::copied thread 0
aborting path on assume(false) at file crates/secmp-client-core/src/scheduler/params.rs line 113 column 14 function scheduler::params::rate_sum_ok::<std::iter::Copied<std::slice::Iter<'_, u64>>> thread 0
aborting path on assume(false) at file /home/runner/.rustup/toolchains/nightly-2026-08-21-x86_64-unknown-linux-gnu/lib/rustlib/src/rust/library/core/src/option.rs line 2439 column 15 function <std::option::Option<u64> as std::cmp::PartialEq>::eq thread 0
Unwinding loop _RINvNtNtCs6mC682u6ZOv_17secmp_client_core9scheduler6params11rate_sum_okINtNtNtNtCs8xvirJzNMvV_4core4iter8adapters6copied6CopiedINtNtNtB1g_5slice4iter4IteryEEEB6_.0 iteration 24 file crates/secmp-client-core/src/scheduler/params.rs line 113 column 5 function scheduler::params::rate_sum_ok::<std::iter::Copied<std::slice::Iter<'_, u64>>> thread 0
aborting path on assume(false) at file library/kani/src/lib.rs line 57 column 1 function kani::mem::cbmc::same_allocation thread 0
aborting path on assume(false) at file /home/runner/.rustup/toolchains/nightly-2026-08-21-x86_64-unknown-linux-gnu/lib/rustlib/src/rust/library/core/src/option.rs line 2137 column 15 function std::option::Option::<&u64>::copied thread 0
aborting path on assume(false) at file crates/secmp-client-core/src/scheduler/params.rs line 113 column 14 function scheduler::params::rate_sum_ok::<std::iter::Copied<std::slice::Iter<'_, u64>>> thread 0
aborting path on assume(false) at file /home/runner/.rustup/toolchains/nightly-2026-08-21-x86_64-unknown-linux-gnu/lib/rustlib/src/rust/library/core/src/option.rs line 2439 column 15 function <std::option::Option<u64> as std::cmp::PartialEq>::eq thread 0
Unwinding loop _RINvNtNtCs6mC682u6ZOv_17secmp_client_core9scheduler6params11rate_sum_okINtNtNtNtCs8xvirJzNMvV_4core4iter8adapters6copied6CopiedINtNtNtB1g_5slice4iter4IteryEEEB6_.0 iteration 25 file crates/secmp-client-core/src/scheduler/params.rs line 113 column 5 function scheduler::params::rate_sum_ok::<std::iter::Copied<std::slice::Iter<'_, u64>>> thread 0
aborting path on assume(false) at file library/kani/src/lib.rs line 57 column 1 function kani::mem::cbmc::same_allocation thread 0
aborting path on assume(false) at file /home/runner/.rustup/toolchains/nightly-2026-08-21-x86_64-unknown-linux-gnu/lib/rustlib/src/rust/library/core/src/option.rs line 2137 column 15 function std::option::Option::<&u64>::copied thread 0
aborting path on assume(false) at file crates/secmp-client-core/src/scheduler/params.rs line 113 column 14 function scheduler::params::rate_sum_ok::<std::iter::Copied<std::slice::Iter<'_, u64>>> thread 0
aborting path on assume(false) at file /home/runner/.rustup/toolchains/nightly-2026-08-21-x86_64-unknown-linux-gnu/lib/rustlib/src/rust/library/core/src/option.rs line 2439 column 15 function <std::option::Option<u64> as std::cmp::PartialEq>::eq thread 0
Unwinding loop _RINvNtNtCs6mC682u6ZOv_17secmp_client_core9scheduler6params11rate_sum_okINtNtNtNtCs8xvirJzNMvV_4core4iter8adapters6copied6CopiedINtNtNtB1g_5slice4iter4IteryEEEB6_.0 iteration 26 file crates/secmp-client-core/src/scheduler/params.rs line 113 column 5 function scheduler::params::rate_sum_ok::<std::iter::Copied<std::slice::Iter<'_, u64>>> thread 0
aborting path on assume(false) at file library/kani/src/lib.rs line 57 column 1 function kani::mem::cbmc::same_allocation thread 0
aborting path on assume(false) at file /home/runner/.rustup/toolchains/nightly-2026-08-21-x86_64-unknown-linux-gnu/lib/rustlib/src/rust/library/core/src/option.rs line 2137 column 15 function std::option::Option::<&u64>::copied thread 0
aborting path on assume(false) at file crates/secmp-client-core/src/scheduler/params.rs line 113 column 14 function scheduler::params::rate_sum_ok::<std::iter::Copied<std::slice::Iter<'_, u64>>> thread 0
aborting path on assume(false) at file /home/runner/.rustup/toolchains/nightly-2026-08-21-x86_64-unknown-linux-gnu/lib/rustlib/src/rust/library/core/src/option.rs line 2439 column 15 function <std::option::Option<u64> as std::cmp::PartialEq>::eq thread 0
Unwinding loop _RINvNtNtCs6mC682u6ZOv_17secmp_client_core9scheduler6params11rate_sum_okINtNtNtNtCs8xvirJzNMvV_4core4iter8adapters6copied6CopiedINtNtNtB1g_5slice4iter4IteryEEEB6_.0 iteration 27 file crates/secmp-client-core/src/scheduler/params.rs line 113 column 5 function scheduler::params::rate_sum_ok::<std::iter::Copied<std::slice::Iter<'_, u64>>> thread 0
aborting path on assume(false) at file library/kani/src/lib.rs line 57 column 1 function kani::mem::cbmc::same_allocation thread 0
aborting path on assume(false) at file /home/runner/.rustup/toolchains/nightly-2026-08-21-x86_64-unknown-linux-gnu/lib/rustlib/src/rust/library/core/src/option.rs line 2137 column 15 function std::option::Option::<&u64>::copied thread 0
aborting path on assume(false) at file crates/secmp-client-core/src/scheduler/params.rs line 113 column 14 function scheduler::params::rate_sum_ok::<std::iter::Copied<std::slice::Iter<'_, u64>>> thread 0
aborting path on assume(false) at file /home/runner/.rustup/toolchains/nightly-2026-08-21-x86_64-unknown-linux-gnu/lib/rustlib/src/rust/library/core/src/option.rs line 2439 column 15 function <std::option::Option<u64> as std::cmp::PartialEq>::eq thread 0
Unwinding loop _RINvNtNtCs6mC682u6ZOv_17secmp_client_core9scheduler6params11rate_sum_okINtNtNtNtCs8xvirJzNMvV_4core4iter8adapters6copied6CopiedINtNtNtB1g_5slice4iter4IteryEEEB6_.0 iteration 28 file crates/secmp-client-core/src/scheduler/params.rs line 113 column 5 function scheduler::params::rate_sum_ok::<std::iter::Copied<std::slice::Iter<'_, u64>>> thread 0
aborting path on assume(false) at file library/kani/src/lib.rs line 57 column 1 function kani::mem::cbmc::same_allocation thread 0
aborting path on assume(false) at file /home/runner/.rustup/toolchains/nightly-2026-08-21-x86_64-unknown-linux-gnu/lib/rustlib/src/rust/library/core/src/option.rs line 2137 column 15 function std::option::Option::<&u64>::copied thread 0
aborting path on assume(false) at file crates/secmp-client-core/src/scheduler/params.rs line 113 column 14 function scheduler::params::rate_sum_ok::<std::iter::Copied<std::slice::Iter<'_, u64>>> thread 0
aborting path on assume(false) at file /home/runner/.rustup/toolchains/nightly-2026-08-21-x86_64-unknown-linux-gnu/lib/rustlib/src/rust/library/core/src/option.rs line 2439 column 15 function <std::option::Option<u64> as std::cmp::PartialEq>::eq thread 0
Unwinding loop _RINvNtNtCs6mC682u6ZOv_17secmp_client_core9scheduler6params11rate_sum_okINtNtNtNtCs8xvirJzNMvV_4core4iter8adapters6copied6CopiedINtNtNtB1g_5slice4iter4IteryEEEB6_.0 iteration 29 file crates/secmp-client-core/src/scheduler/params.rs line 113 column 5 function scheduler::params::rate_sum_ok::<std::iter::Copied<std::slice::Iter<'_, u64>>> thread 0
aborting path on assume(false) at file library/kani/src/lib.rs line 57 column 1 function kani::mem::cbmc::same_allocation thread 0
aborting path on assume(false) at file /home/runner/.rustup/toolchains/nightly-2026-08-21-x86_64-unknown-linux-gnu/lib/rustlib/src/rust/library/core/src/option.rs line 2137 column 15 function std::option::Option::<&u64>::copied thread 0
aborting path on assume(false) at file crates/secmp-client-core/src/scheduler/params.rs line 113 column 14 function scheduler::params::rate_sum_ok::<std::iter::Copied<std::slice::Iter<'_, u64>>> thread 0
aborting path on assume(false) at file /home/runner/.rustup/toolchains/nightly-2026-08-21-x86_64-unknown-linux-gnu/lib/rustlib/src/rust/library/core/src/option.rs line 2439 column 15 function <std::option::Option<u64> as std::cmp::PartialEq>::eq thread 0
Unwinding loop _RINvNtNtCs6mC682u6ZOv_17secmp_client_core9scheduler6params11rate_sum_okINtNtNtNtCs8xvirJzNMvV_4core4iter8adapters6copied6CopiedINtNtNtB1g_5slice4iter4IteryEEEB6_.0 iteration 30 file crates/secmp-client-core/src/scheduler/params.rs line 113 column 5 function scheduler::params::rate_sum_ok::<std::iter::Copied<std::slice::Iter<'_, u64>>> thread 0
aborting path on assume(false) at file library/kani/src/lib.rs line 57 column 1 function kani::mem::cbmc::same_allocation thread 0
aborting path on assume(false) at file /home/runner/.rustup/toolchains/nightly-2026-08-21-x86_64-unknown-linux-gnu/lib/rustlib/src/rust/library/core/src/option.rs line 2137 column 15 function std::option::Option::<&u64>::copied thread 0
aborting path on assume(false) at file crates/secmp-client-core/src/scheduler/params.rs line 113 column 14 function scheduler::params::rate_sum_ok::<std::iter::Copied<std::slice::Iter<'_, u64>>> thread 0
aborting path on assume(false) at file /home/runner/.rustup/toolchains/nightly-2026-08-21-x86_64-unknown-linux-gnu/lib/rustlib/src/rust/library/core/src/option.rs line 2439 column 15 function <std::option::Option<u64> as std::cmp::PartialEq>::eq thread 0
Unwinding loop _RINvNtNtCs6mC682u6ZOv_17secmp_client_core9scheduler6params11rate_sum_okINtNtNtNtCs8xvirJzNMvV_4core4iter8adapters6copied6CopiedINtNtNtB1g_5slice4iter4IteryEEEB6_.0 iteration 31 file crates/secmp-client-core/src/scheduler/params.rs line 113 column 5 function scheduler::params::rate_sum_ok::<std::iter::Copied<std::slice::Iter<'_, u64>>> thread 0
aborting path on assume(false) at file library/kani/src/lib.rs line 57 column 1 function kani::mem::cbmc::same_allocation thread 0
aborting path on assume(false) at file /home/runner/.rustup/toolchains/nightly-2026-08-21-x86_64-unknown-linux-gnu/lib/rustlib/src/rust/library/core/src/option.rs line 2137 column 15 function std::option::Option::<&u64>::copied thread 0
aborting path on assume(false) at file crates/secmp-client-core/src/scheduler/params.rs line 113 column 14 function scheduler::params::rate_sum_ok::<std::iter::Copied<std::slice::Iter<'_, u64>>> thread 0
aborting path on assume(false) at file /home/runner/.rustup/toolchains/nightly-2026-08-21-x86_64-unknown-linux-gnu/lib/rustlib/src/rust/library/core/src/option.rs line 2439 column 15 function <std::option::Option<u64> as std::cmp::PartialEq>::eq thread 0
Unwinding loop _RINvNtNtCs6mC682u6ZOv_17secmp_client_core9scheduler6params11rate_sum_okINtNtNtNtCs8xvirJzNMvV_4core4iter8adapters6copied6CopiedINtNtNtB1g_5slice4iter4IteryEEEB6_.0 iteration 32 file crates/secmp-client-core/src/scheduler/params.rs line 113 column 5 function scheduler::params::rate_sum_ok::<std::iter::Copied<std::slice::Iter<'_, u64>>> thread 0
aborting path on assume(false) at file library/kani/src/lib.rs line 57 column 1 function kani::mem::cbmc::same_allocation thread 0
aborting path on assume(false) at file /home/runner/.rustup/toolchains/nightly-2026-08-21-x86_64-unknown-linux-gnu/lib/rustlib/src/rust/library/core/src/option.rs line 2137 column 15 function std::option::Option::<&u64>::copied thread 0
aborting path on assume(false) at file crates/secmp-client-core/src/scheduler/params.rs line 113 column 14 function scheduler::params::rate_sum_ok::<std::iter::Copied<std::slice::Iter<'_, u64>>> thread 0
aborting path on assume(false) at file /home/runner/.rustup/toolchains/nightly-2026-08-21-x86_64-unknown-linux-gnu/lib/rustlib/src/rust/library/core/src/option.rs line 2439 column 15 function <std::option::Option<u64> as std::cmp::PartialEq>::eq thread 0
Unwinding loop _RINvNtNtCs6mC682u6ZOv_17secmp_client_core9scheduler6params11rate_sum_okINtNtNtNtCs8xvirJzNMvV_4core4iter8adapters6copied6CopiedINtNtNtB1g_5slice4iter4IteryEEEB6_.0 iteration 33 file crates/secmp-client-core/src/scheduler/params.rs line 113 column 5 function scheduler::params::rate_sum_ok::<std::iter::Copied<std::slice::Iter<'_, u64>>> thread 0
aborting path on assume(false) at file library/kani/src/lib.rs line 57 column 1 function kani::mem::cbmc::same_allocation thread 0
aborting path on assume(false) at file /home/runner/.rustup/toolchains/nightly-2026-08-21-x86_64-unknown-linux-gnu/lib/rustlib/src/rust/library/core/src/option.rs line 2137 column 15 function std::option::Option::<&u64>::copied thread 0
aborting path on assume(false) at file crates/secmp-client-core/src/scheduler/params.rs line 113 column 14 function scheduler::params::rate_sum_ok::<std::iter::Copied<std::slice::Iter<'_, u64>>> thread 0
aborting path on assume(false) at file /home/runner/.rustup/toolchains/nightly-2026-08-21-x86_64-unknown-linux-gnu/lib/rustlib/src/rust/library/core/src/option.rs line 2439 column 15 function <std::option::Option<u64> as std::cmp::PartialEq>::eq thread 0
Not unwinding loop _RINvNtNtCs6mC682u6ZOv_17secmp_client_core9scheduler6params11rate_sum_okINtNtNtNtCs8xvirJzNMvV_4core4iter8adapters6copied6CopiedINtNtNtB1g_5slice4iter4IteryEEEB6_.0 iteration 34 file crates/secmp-client-core/src/scheduler/params.rs line 113 column 5 function scheduler::params::rate_sum_ok::<std::iter::Copied<std::slice::Iter<'_, u64>>> thread 0
Runtime Symex: 4.40674s
size of program expression: 149147 steps
slicing removed 115420 assignments
Generated 5635 VCC(s), 1335 remaining after simplification
Runtime Postprocess Equation: 0.168896s
Passing problem to propositional reduction
converting SSA
Runtime Convert SSA: 2.82904s
Running propositional reduction
Post-processing
Runtime Post-process: 0.0360525s
Solving with CaDiCaL 3.0.0
1763613 variables, 8235222 clauses
SAT checker: instance is SATISFIABLE
Runtime Solver: 28.9458s
Runtime decision procedure: 31.8413s
Running propositional reduction
Solving with CaDiCaL 3.0.0
1763614 variables, 8235223 clauses
SAT checker: instance is SATISFIABLE
Runtime Solver: 11.652s
Runtime decision procedure: 11.742s
Running propositional reduction
Solving with CaDiCaL 3.0.0
1763615 variables, 8235224 clauses
SAT checker: instance is UNSATISFIABLE
Runtime Solver: 376.229s
Runtime decision procedure: 376.286s

RESULTS:
Check 1: core::num::<impl usize>::unchecked_sub.arithmetic_overflow.1
	 - Status: SUCCESS
	 - Description: "attempt to compute `unchecked_sub` which would overflow"
	 - Location: ../../home/runner/.rustup/toolchains/nightly-2026-08-21-x86_64-unknown-linux-gnu/lib/rustlib/src/rust/library/core/src/num/uint_macros.rs:1192:17 in function core::num::<impl usize>::unchecked_sub

Check 2: kani::rustc_intrinsics::offset::<u64, *mut u64, usize>.safety_check.1
	 - Status: SUCCESS
	 - Description: "Offset in bytes overflows isize"
	 - Location: library/kani/src/lib.rs:57:1 in function kani::rustc_intrinsics::offset::<u64, *mut u64, usize>

Check 3: kani::rustc_intrinsics::offset::<u64, *mut u64, usize>.safety_check.2
	 - Status: SUCCESS
	 - Description: "Offset result address must equal original pointer address plus offset"
	 - Location: library/kani/src/lib.rs:57:1 in function kani::rustc_intrinsics::offset::<u64, *mut u64, usize>

Check 4: kani::rustc_intrinsics::offset::<u64, *mut u64, usize>.safety_check.3
	 - Status: SUCCESS
	 - Description: "Offset result and original pointer must point to the same allocation"
	 - Location: library/kani/src/lib.rs:57:1 in function kani::rustc_intrinsics::offset::<u64, *mut u64, usize>

Check 5: kani::mem::cbmc::same_allocation.unsupported_construct.1
	 - Status: SUCCESS
	 - Description: "Kani does not support reasoning about pointer to unallocated memory"
	 - Location: library/kani/src/lib.rs:57:1 in function kani::mem::cbmc::same_allocation

Check 6: std::panic::Location::<'_>::caller.unsupported_construct.1
	 - Status: SUCCESS
	 - Description: "caller_location is not currently supported by Kani. Please post your example at https://github.com/model-checking/kani/issues/374"
	 - Location: ../../home/runner/.rustup/toolchains/nightly-2026-08-21-x86_64-unknown-linux-gnu/lib/rustlib/src/rust/library/core/src/panic/location.rs:181:9 in function std::panic::Location::<'_>::caller

Check 7: std::ptr::NonNull::<u64>::as_mut::<'_>.safety_check.1
	 - Status: SUCCESS
	 - Description: "misaligned pointer to reference cast: address must be a multiple of its type's alignment"
	 - Location: ../../home/runner/.rustup/toolchains/nightly-2026-08-21-x86_64-unknown-linux-gnu/lib/rustlib/src/rust/library/core/src/ptr/non_null.rs:491:18 in function std::ptr::NonNull::<u64>::as_mut::<'_>

Check 8: std::ptr::NonNull::<u64>::as_mut::<'_>.safety_check.2
	 - Status: SUCCESS
	 - Description: "dereference failure: pointer invalid"
	 - Location: ../../home/runner/.rustup/toolchains/nightly-2026-08-21-x86_64-unknown-linux-gnu/lib/rustlib/src/rust/library/core/src/ptr/non_null.rs:491:18 in function std::ptr::NonNull::<u64>::as_mut::<'_>

Check 9: core::num::<impl u64>::checked_div.arithmetic_overflow.1
	 - Status: SUCCESS
	 - Description: "attempt to divide by zero"
	 - Location: ../../home/runner/.rustup/toolchains/nightly-2026-08-21-x86_64-unknown-linux-gnu/lib/rustlib/src/rust/library/core/src/num/uint_macros.rs:1425:31 in function core::num::<impl u64>::checked_div

Check 10: core::slice::index::slice_index_fail::do_panic::runtime.assertion.1
	 - Status: SUCCESS
	 - Description: "This is a placeholder message; Kani doesn't support message formatted at runtime"
	 - Location: ../../home/runner/.rustup/toolchains/nightly-2026-08-21-x86_64-unknown-linux-gnu/lib/rustlib/src/rust/library/core/src/slice/index.rs:41:9 in function core::slice::index::slice_index_fail::do_panic::runtime

Check 11: kani_proofs::kani_rate_bound_integer_form.unreachable.1
	 - Status: SUCCESS
	 - Description: "unreachable code"
	 - Location: crates/secmp-client-core/src/kani_proofs.rs:176:17 in function kani_proofs::kani_rate_bound_integer_form

Check 12: kani_proofs::kani_rate_bound_integer_form.assertion.1
	 - Status: SUCCESS
	 - Description: "index out of bounds: the length is less than or equal to the given index"
	 - Location: crates/secmp-client-core/src/kani_proofs.rs:179:17 in function kani_proofs::kani_rate_bound_integer_form

Check 13: kani_proofs::kani_rate_bound_integer_form.assertion.2
	 - Status: SUCCESS
	 - Description: "index out of bounds: the length is less than or equal to the given index"
	 - Location: crates/secmp-client-core/src/kani_proofs.rs:180:20 in function kani_proofs::kani_rate_bound_integer_form

Check 14: kani_proofs::kani_rate_bound_integer_form.assertion.3
	 - Status: SUCCESS
	 - Description: "attempt to add with overflow"
	 - Location: crates/secmp-client-core/src/kani_proofs.rs:180:9 in function kani_proofs::kani_rate_bound_integer_form

Check 15: kani_proofs::kani_rate_bound_integer_form.assertion.4
	 - Status: SUCCESS
	 - Description: "attempt to multiply with overflow"
	 - Location: crates/secmp-client-core/src/kani_proofs.rs:184:20 in function kani_proofs::kani_rate_bound_integer_form

Check 16: kani_proofs::kani_rate_bound_integer_form.assertion.5
	 - Status: SUCCESS
	 - Description: "attempt to multiply with overflow"
	 - Location: crates/secmp-client-core/src/kani_proofs.rs:184:35 in function kani_proofs::kani_rate_bound_integer_form

Check 17: kani_proofs::kani_rate_bound_integer_form.assertion.6
	 - Status: SUCCESS
	 - Description: "assertion failed: integer == rational"
	 - Location: crates/secmp-client-core/src/kani_proofs.rs:185:5 in function kani_proofs::kani_rate_bound_integer_form

Check 18: kani_proofs::kani_rate_bound_integer_form.cover.1
	 - Status: SATISFIED
	 - Description: "a set within the bound"
	 - Location: crates/secmp-client-core/src/kani_proofs.rs:186:5 in function kani_proofs::kani_rate_bound_integer_form

Check 19: kani_proofs::kani_rate_bound_integer_form.cover.2
	 - Status: SATISFIED
	 - Description: "a set over the bound"
	 - Location: crates/secmp-client-core/src/kani_proofs.rs:187:5 in function kani_proofs::kani_rate_bound_integer_form

Check 20: std::ptr::NonNull::<u64>::as_ref::<'_>.safety_check.1
	 - Status: SUCCESS
	 - Description: "misaligned pointer to reference cast: address must be a multiple of its type's alignment"
	 - Location: ../../home/runner/.rustup/toolchains/nightly-2026-08-21-x86_64-unknown-linux-gnu/lib/rustlib/src/rust/library/core/src/ptr/non_null.rs:454:18 in function std::ptr::NonNull::<u64>::as_ref::<'_>

Check 21: std::ptr::NonNull::<u64>::as_ref::<'_>.safety_check.2
	 - Status: SUCCESS
	 - Description: "dereference failure: pointer invalid"
	 - Location: ../../home/runner/.rustup/toolchains/nightly-2026-08-21-x86_64-unknown-linux-gnu/lib/rustlib/src/rust/library/core/src/ptr/non_null.rs:454:18 in function std::ptr::NonNull::<u64>::as_ref::<'_>

Check 22: std::fmt::Arguments::<'_>::from_str.assertion.1
	 - Status: UNREACHABLE
	 - Description: "attempt to shift left with overflow"
	 - Location: ../../home/runner/.rustup/toolchains/nightly-2026-08-21-x86_64-unknown-linux-gnu/lib/rustlib/src/rust/library/core/src/fmt/mod.rs:820:38 in function std::fmt::Arguments::<'_>::from_str

Check 23: kani::rustc_intrinsics::offset::<u64, *const u64, usize>.safety_check.1
	 - Status: SUCCESS
	 - Description: "Offset in bytes overflows isize"
	 - Location: library/kani/src/lib.rs:57:1 in function kani::rustc_intrinsics::offset::<u64, *const u64, usize>

Check 24: kani::rustc_intrinsics::offset::<u64, *const u64, usize>.safety_check.2
	 - Status: SUCCESS
	 - Description: "Offset result address must equal original pointer address plus offset"
	 - Location: library/kani/src/lib.rs:57:1 in function kani::rustc_intrinsics::offset::<u64, *const u64, usize>

Check 25: kani::rustc_intrinsics::offset::<u64, *const u64, usize>.safety_check.3
	 - Status: SUCCESS
	 - Description: "Offset result and original pointer must point to the same allocation"
	 - Location: library/kani/src/lib.rs:57:1 in function kani::rustc_intrinsics::offset::<u64, *const u64, usize>

Check 26: <std::ops::Range<usize> as std::slice::SliceIndex<[u64]>>::index.unreachable.1
	 - Status: SUCCESS
	 - Description: "unreachable code"
	 - Location: ../../home/runner/.rustup/toolchains/nightly-2026-08-21-x86_64-unknown-linux-gnu/lib/rustlib/src/rust/library/core/src/slice/index.rs:405:5 in function <std::ops::Range<usize> as std::slice::SliceIndex<[u64]>>::index

Check 27: <std::ops::Range<usize> as std::slice::SliceIndex<[u64]>>::index.safety_check.1
	 - Status: SUCCESS
	 - Description: "misaligned pointer to reference cast: address must be a multiple of its type's alignment"
	 - Location: ../../home/runner/.rustup/toolchains/nightly-2026-08-21-x86_64-unknown-linux-gnu/lib/rustlib/src/rust/library/core/src/slice/index.rs:411:22 in function <std::ops::Range<usize> as std::slice::SliceIndex<[u64]>>::index

Check 28: <std::ops::Range<usize> as std::slice::SliceIndex<[u64]>>::index.safety_check.2
	 - Status: SUCCESS
	 - Description: "dereference failure: pointer invalid"
	 - Location: ../../home/runner/.rustup/toolchains/nightly-2026-08-21-x86_64-unknown-linux-gnu/lib/rustlib/src/rust/library/core/src/slice/index.rs:411:22 in function <std::ops::Range<usize> as std::slice::SliceIndex<[u64]>>::index

Check 29: core::slice::index::slice_index_fail::do_panic::runtime.assertion.4
	 - Status: SUCCESS
	 - Description: "This is a placeholder message; Kani doesn't support message formatted at runtime"
	 - Location: ../../home/runner/.rustup/toolchains/nightly-2026-08-21-x86_64-unknown-linux-gnu/lib/rustlib/src/rust/library/core/src/slice/index.rs:50:9 in function core::slice::index::slice_index_fail::do_panic::runtime

Check 30: scheduler::params::rate_sum_ok::<std::iter::Copied<std::slice::Iter<'_, u64>>>.unreachable.1
	 - Status: SUCCESS
	 - Description: "unreachable code"
	 - Location: crates/secmp-client-core/src/scheduler/params.rs:113:14 in function scheduler::params::rate_sum_ok::<std::iter::Copied<std::slice::Iter<'_, u64>>>

Check 31: std::option::Option::<&u64>::copied.unreachable.1
	 - Status: SUCCESS
	 - Description: "unreachable code"
	 - Location: ../../home/runner/.rustup/toolchains/nightly-2026-08-21-x86_64-unknown-linux-gnu/lib/rustlib/src/rust/library/core/src/option.rs:2137:15 in function std::option::Option::<&u64>::copied

Check 32: core::slice::index::slice_index_fail::do_panic::runtime.assertion.3
	 - Status: SUCCESS
	 - Description: "This is a placeholder message; Kani doesn't support message formatted at runtime"
	 - Location: ../../home/runner/.rustup/toolchains/nightly-2026-08-21-x86_64-unknown-linux-gnu/lib/rustlib/src/rust/library/core/src/slice/index.rs:69:5 in function core::slice::index::slice_index_fail::do_panic::runtime

Check 33: core::panicking::panic_nounwind_fmt::runtime.unsupported_construct.1
	 - Status: SUCCESS
	 - Description: "call to foreign "Rust" function `_RNvCskSgPeDzUGbv_7___rustc17rust_begin_unwind` is not currently supported by Kani. Please post your example at https://github.com/model-checking/kani/issues/new/choose"
	 - Location: ../../home/runner/.rustup/toolchains/nightly-2026-08-21-x86_64-unknown-linux-gnu/lib/rustlib/src/rust/library/core/src/panicking.rs:110:17 in function core::panicking::panic_nounwind_fmt::runtime

Check 34: <std::iter::Take<std::slice::IterMut<'_, u64>> as std::iter::Iterator>::next.assertion.1
	 - Status: SUCCESS
	 - Description: "attempt to subtract with overflow"
	 - Location: ../../home/runner/.rustup/toolchains/nightly-2026-08-21-x86_64-unknown-linux-gnu/lib/rustlib/src/rust/library/core/src/iter/adapters/take.rs:38:13 in function <std::iter::Take<std::slice::IterMut<'_, u64>> as std::iter::Iterator>::next

Check 35: <std::option::Option<u64> as std::cmp::PartialEq>::eq.unreachable.1
	 - Status: SUCCESS
	 - Description: "unreachable code"
	 - Location: ../../home/runner/.rustup/toolchains/nightly-2026-08-21-x86_64-unknown-linux-gnu/lib/rustlib/src/rust/library/core/src/option.rs:2439:15 in function <std::option::Option<u64> as std::cmp::PartialEq>::eq

Check 36: core::num::<impl usize>::checked_sub.arithmetic_overflow.1
	 - Status: SUCCESS
	 - Description: "attempt to compute `unchecked_sub` which would overflow"
	 - Location: ../../home/runner/.rustup/toolchains/nightly-2026-08-21-x86_64-unknown-linux-gnu/lib/rustlib/src/rust/library/core/src/num/uint_macros.rs:1096:31 in function core::num::<impl usize>::checked_sub

Check 37: core::slice::index::slice_index_fail::do_panic::runtime.assertion.2
	 - Status: SUCCESS
	 - Description: "This is a placeholder message; Kani doesn't support message formatted at runtime"
	 - Location: ../../home/runner/.rustup/toolchains/nightly-2026-08-21-x86_64-unknown-linux-gnu/lib/rustlib/src/rust/library/core/src/slice/index.rs:59:9 in function core::slice::index::slice_index_fail::do_panic::runtime

Check 38: <usize as kani::rustc_intrinsics::ToISize>::to_isize.unreachable.1
	 - Status: SUCCESS
	 - Description: "unreachable code"
	 - Location: library/kani_core/src/models.rs:203:17 in function <usize as kani::rustc_intrinsics::ToISize>::to_isize

Check 39: <usize as kani::rustc_intrinsics::ToISize>::to_isize.safety_check.1
	 - Status: SUCCESS
	 - Description: "Offset value overflows isize"
	 - Location: library/kani/src/lib.rs:57:1 in function <usize as kani::rustc_intrinsics::ToISize>::to_isize

Check 40: <usize as kani::rustc_intrinsics::ToISize>::to_isize.assertion.1
	 - Status: SUCCESS
	 - Description: "internal error: entered unreachable code"
	 - Location: library/kani/src/lib.rs:57:1 in function <usize as kani::rustc_intrinsics::ToISize>::to_isize

Check 41: std::option::Option::<&u64>::copied.pointer_dereference.1
	 - Status: SUCCESS
	 - Description: "dereference failure: dead object"
	 - Location: ../../home/runner/.rustup/toolchains/nightly-2026-08-21-x86_64-unknown-linux-gnu/lib/rustlib/src/rust/library/core/src/option.rs:2137:15 in function std::option::Option::<&u64>::copied

Check 42: std::option::Option::<&u64>::copied.pointer_dereference.2
	 - Status: SUCCESS
	 - Description: "dereference failure: pointer NULL"
	 - Location: ../../home/runner/.rustup/toolchains/nightly-2026-08-21-x86_64-unknown-linux-gnu/lib/rustlib/src/rust/library/core/src/option.rs:2138:19 in function std::option::Option::<&u64>::copied

Check 43: std::option::Option::<&u64>::copied.pointer_dereference.3
	 - Status: SUCCESS
	 - Description: "dereference failure: pointer invalid"
	 - Location: ../../home/runner/.rustup/toolchains/nightly-2026-08-21-x86_64-unknown-linux-gnu/lib/rustlib/src/rust/library/core/src/option.rs:2138:19 in function std::option::Option::<&u64>::copied

Check 44: std::option::Option::<&u64>::copied.pointer_dereference.4
	 - Status: SUCCESS
	 - Description: "dereference failure: deallocated dynamic object"
	 - Location: ../../home/runner/.rustup/toolchains/nightly-2026-08-21-x86_64-unknown-linux-gnu/lib/rustlib/src/rust/library/core/src/option.rs:2138:19 in function std::option::Option::<&u64>::copied

Check 45: std::option::Option::<&u64>::copied.pointer_dereference.5
	 - Status: SUCCESS
	 - Description: "dereference failure: dead object"
	 - Location: ../../home/runner/.rustup/toolchains/nightly-2026-08-21-x86_64-unknown-linux-gnu/lib/rustlib/src/rust/library/core/src/option.rs:2138:19 in function std::option::Option::<&u64>::copied

Check 46: std::option::Option::<&u64>::copied.pointer_dereference.6
	 - Status: SUCCESS
	 - Description: "dereference failure: pointer outside object bounds"
	 - Location: ../../home/runner/.rustup/toolchains/nightly-2026-08-21-x86_64-unknown-linux-gnu/lib/rustlib/src/rust/library/core/src/option.rs:2138:19 in function std::option::Option::<&u64>::copied

Check 47: std::option::Option::<&u64>::copied.pointer_dereference.7
	 - Status: SUCCESS
	 - Description: "dereference failure: invalid integer address"
	 - Location: ../../home/runner/.rustup/toolchains/nightly-2026-08-21-x86_64-unknown-linux-gnu/lib/rustlib/src/rust/library/core/src/option.rs:2138:19 in function std::option::Option::<&u64>::copied

Check 48: std::ptr::NonNull::<u64>::as_mut::<'_>.pointer_dereference.1
	 - Status: SUCCESS
	 - Description: "dereference failure: pointer NULL"
	 - Location: ../../home/runner/.rustup/toolchains/nightly-2026-08-21-x86_64-unknown-linux-gnu/lib/rustlib/src/rust/library/core/src/ptr/non_null.rs:491:24 in function std::ptr::NonNull::<u64>::as_mut::<'_>

Check 49: std::ptr::NonNull::<u64>::as_mut::<'_>.pointer_dereference.2
	 - Status: SUCCESS
	 - Description: "dereference failure: pointer invalid"
	 - Location: ../../home/runner/.rustup/toolchains/nightly-2026-08-21-x86_64-unknown-linux-gnu/lib/rustlib/src/rust/library/core/src/ptr/non_null.rs:491:24 in function std::ptr::NonNull::<u64>::as_mut::<'_>

Check 50: std::ptr::NonNull::<u64>::as_mut::<'_>.pointer_dereference.3
	 - Status: SUCCESS
	 - Description: "dereference failure: deallocated dynamic object"
	 - Location: ../../home/runner/.rustup/toolchains/nightly-2026-08-21-x86_64-unknown-linux-gnu/lib/rustlib/src/rust/library/core/src/ptr/non_null.rs:491:24 in function std::ptr::NonNull::<u64>::as_mut::<'_>

Check 51: std::ptr::NonNull::<u64>::as_mut::<'_>.pointer_dereference.4
	 - Status: SUCCESS
	 - Description: "dereference failure: dead object"
	 - Location: ../../home/runner/.rustup/toolchains/nightly-2026-08-21-x86_64-unknown-linux-gnu/lib/rustlib/src/rust/library/core/src/ptr/non_null.rs:491:24 in function std::ptr::NonNull::<u64>::as_mut::<'_>

Check 52: std::ptr::NonNull::<u64>::as_mut::<'_>.pointer_dereference.5
	 - Status: SUCCESS
	 - Description: "dereference failure: pointer outside object bounds"
	 - Location: ../../home/runner/.rustup/toolchains/nightly-2026-08-21-x86_64-unknown-linux-gnu/lib/rustlib/src/rust/library/core/src/ptr/non_null.rs:491:24 in function std::ptr::NonNull::<u64>::as_mut::<'_>

Check 53: std::ptr::NonNull::<u64>::as_mut::<'_>.pointer_dereference.6
	 - Status: SUCCESS
	 - Description: "dereference failure: invalid integer address"
	 - Location: ../../home/runner/.rustup/toolchains/nightly-2026-08-21-x86_64-unknown-linux-gnu/lib/rustlib/src/rust/library/core/src/ptr/non_null.rs:491:24 in function std::ptr::NonNull::<u64>::as_mut::<'_>

Check 54: std::ptr::NonNull::<u64>::as_ref::<'_>.pointer_dereference.1
	 - Status: SUCCESS
	 - Description: "dereference failure: pointer NULL"
	 - Location: ../../home/runner/.rustup/toolchains/nightly-2026-08-21-x86_64-unknown-linux-gnu/lib/rustlib/src/rust/library/core/src/ptr/non_null.rs:454:20 in function std::ptr::NonNull::<u64>::as_ref::<'_>

Check 55: std::ptr::NonNull::<u64>::as_ref::<'_>.pointer_dereference.2
	 - Status: SUCCESS
	 - Description: "dereference failure: pointer invalid"
	 - Location: ../../home/runner/.rustup/toolchains/nightly-2026-08-21-x86_64-unknown-linux-gnu/lib/rustlib/src/rust/library/core/src/ptr/non_null.rs:454:20 in function std::ptr::NonNull::<u64>::as_ref::<'_>

Check 56: std::ptr::NonNull::<u64>::as_ref::<'_>.pointer_dereference.3
	 - Status: SUCCESS
	 - Description: "dereference failure: deallocated dynamic object"
	 - Location: ../../home/runner/.rustup/toolchains/nightly-2026-08-21-x86_64-unknown-linux-gnu/lib/rustlib/src/rust/library/core/src/ptr/non_null.rs:454:20 in function std::ptr::NonNull::<u64>::as_ref::<'_>

Check 57: std::ptr::NonNull::<u64>::as_ref::<'_>.pointer_dereference.4
	 - Status: SUCCESS
	 - Description: "dereference failure: dead object"
	 - Location: ../../home/runner/.rustup/toolchains/nightly-2026-08-21-x86_64-unknown-linux-gnu/lib/rustlib/src/rust/library/core/src/ptr/non_null.rs:454:20 in function std::ptr::NonNull::<u64>::as_ref::<'_>

Check 58: std::ptr::NonNull::<u64>::as_ref::<'_>.pointer_dereference.5
	 - Status: SUCCESS
	 - Description: "dereference failure: pointer outside object bounds"
	 - Location: ../../home/runner/.rustup/toolchains/nightly-2026-08-21-x86_64-unknown-linux-gnu/lib/rustlib/src/rust/library/core/src/ptr/non_null.rs:454:20 in function std::ptr::NonNull::<u64>::as_ref::<'_>

Check 59: std::ptr::NonNull::<u64>::as_ref::<'_>.pointer_dereference.6
	 - Status: SUCCESS
	 - Description: "dereference failure: invalid integer address"
	 - Location: ../../home/runner/.rustup/toolchains/nightly-2026-08-21-x86_64-unknown-linux-gnu/lib/rustlib/src/rust/library/core/src/ptr/non_null.rs:454:20 in function std::ptr::NonNull::<u64>::as_ref::<'_>

Check 60: core::num::<impl u64>::checked_div.division-by-zero.1
	 - Status: SUCCESS
	 - Description: "division by zero"
	 - Location: ../../home/runner/.rustup/toolchains/nightly-2026-08-21-x86_64-unknown-linux-gnu/lib/rustlib/src/rust/library/core/src/num/uint_macros.rs:1425:31 in function core::num::<impl u64>::checked_div

Check 61: kani_proofs::kani_rate_bound_integer_form.pointer_dereference.1
	 - Status: SUCCESS
	 - Description: "dereference failure: dead object"
	 - Location: crates/secmp-client-core/src/kani_proofs.rs:176:17 in function kani_proofs::kani_rate_bound_integer_form

Check 62: kani_proofs::kani_rate_bound_integer_form.array_bounds.1
	 - Status: SUCCESS
	 - Description: "index out of bounds: the length is less than or equal to the given index"
	 - Location: crates/secmp-client-core/src/kani_proofs.rs:179:17 in function kani_proofs::kani_rate_bound_integer_form

Check 63: kani_proofs::kani_rate_bound_integer_form.pointer_dereference.2
	 - Status: SUCCESS
	 - Description: "dereference failure: pointer NULL"
	 - Location: crates/secmp-client-core/src/kani_proofs.rs:179:9 in function kani_proofs::kani_rate_bound_integer_form

Check 64: kani_proofs::kani_rate_bound_integer_form.pointer_dereference.3
	 - Status: SUCCESS
	 - Description: "dereference failure: pointer invalid"
	 - Location: crates/secmp-client-core/src/kani_proofs.rs:179:9 in function kani_proofs::kani_rate_bound_integer_form

Check 65: kani_proofs::kani_rate_bound_integer_form.pointer_dereference.4
	 - Status: SUCCESS
	 - Description: "dereference failure: deallocated dynamic object"
	 - Location: crates/secmp-client-core/src/kani_proofs.rs:179:9 in function kani_proofs::kani_rate_bound_integer_form

Check 66: kani_proofs::kani_rate_bound_integer_form.pointer_dereference.5
	 - Status: SUCCESS
	 - Description: "dereference failure: dead object"
	 - Location: crates/secmp-client-core/src/kani_proofs.rs:179:9 in function kani_proofs::kani_rate_bound_integer_form

Check 67: kani_proofs::kani_rate_bound_integer_form.pointer_dereference.6
	 - Status: SUCCESS
	 - Description: "dereference failure: pointer outside object bounds"
	 - Location: crates/secmp-client-core/src/kani_proofs.rs:179:9 in function kani_proofs::kani_rate_bound_integer_form

Check 68: kani_proofs::kani_rate_bound_integer_form.pointer_dereference.7
	 - Status: SUCCESS
	 - Description: "dereference failure: invalid integer address"
	 - Location: crates/secmp-client-core/src/kani_proofs.rs:179:9 in function kani_proofs::kani_rate_bound_integer_form

Check 69: kani_proofs::kani_rate_bound_integer_form.array_bounds.2
	 - Status: SUCCESS
	 - Description: "index out of bounds: the length is less than or equal to the given index"
	 - Location: crates/secmp-client-core/src/kani_proofs.rs:180:20 in function kani_proofs::kani_rate_bound_integer_form

Check 70: <std::slice::Iter<'_, u64> as std::iter::Iterator>::next.pointer_dereference.1
	 - Status: SUCCESS
	 - Description: "dereference failure: pointer NULL"
	 - Location: ../../home/runner/.rustup/toolchains/nightly-2026-08-21-x86_64-unknown-linux-gnu/lib/rustlib/src/rust/library/core/src/slice/iter/macros.rs:161:27 in function <std::slice::Iter<'_, u64> as std::iter::Iterator>::next

Check 71: <std::slice::Iter<'_, u64> as std::iter::Iterator>::next.pointer_dereference.2
	 - Status: SUCCESS
	 - Description: "dereference failure: pointer invalid"
	 - Location: ../../home/runner/.rustup/toolchains/nightly-2026-08-21-x86_64-unknown-linux-gnu/lib/rustlib/src/rust/library/core/src/slice/iter/macros.rs:161:27 in function <std::slice::Iter<'_, u64> as std::iter::Iterator>::next

Check 72: <std::slice::Iter<'_, u64> as std::iter::Iterator>::next.pointer_dereference.3
	 - Status: SUCCESS
	 - Description: "dereference failure: deallocated dynamic object"
	 - Location: ../../home/runner/.rustup/toolchains/nightly-2026-08-21-x86_64-unknown-linux-gnu/lib/rustlib/src/rust/library/core/src/slice/iter/macros.rs:161:27 in function <std::slice::Iter<'_, u64> as std::iter::Iterator>::next

Check 73: <std::slice::Iter<'_, u64> as std::iter::Iterator>::next.pointer_dereference.4
	 - Status: SUCCESS
	 - Description: "dereference failure: dead object"
	 - Location: ../../home/runner/.rustup/toolchains/nightly-2026-08-21-x86_64-unknown-linux-gnu/lib/rustlib/src/rust/library/core/src/slice/iter/macros.rs:161:27 in function <std::slice::Iter<'_, u64> as std::iter::Iterator>::next

Check 74: <std::slice::Iter<'_, u64> as std::iter::Iterator>::next.pointer_dereference.5
	 - Status: SUCCESS
	 - Description: "dereference failure: pointer outside object bounds"
	 - Location: ../../home/runner/.rustup/toolchains/nightly-2026-08-21-x86_64-unknown-linux-gnu/lib/rustlib/src/rust/library/core/src/slice/iter/macros.rs:161:27 in function <std::slice::Iter<'_, u64> as std::iter::Iterator>::next

Check 75: <std::slice::Iter<'_, u64> as std::iter::Iterator>::next.pointer_dereference.6
	 - Status: SUCCESS
	 - Description: "dereference failure: invalid integer address"
	 - Location: ../../home/runner/.rustup/toolchains/nightly-2026-08-21-x86_64-unknown-linux-gnu/lib/rustlib/src/rust/library/core/src/slice/iter/macros.rs:161:27 in function <std::slice::Iter<'_, u64> as std::iter::Iterator>::next

Check 76: <std::slice::Iter<'_, u64> as std::iter::Iterator>::next.pointer_dereference.7
	 - Status: SUCCESS
	 - Description: "dereference failure: pointer NULL"
	 - Location: ../../home/runner/.rustup/toolchains/nightly-2026-08-21-x86_64-unknown-linux-gnu/lib/rustlib/src/rust/library/core/src/slice/iter/macros.rs:162:34 in function <std::slice::Iter<'_, u64> as std::iter::Iterator>::next

Check 77: <std::slice::Iter<'_, u64> as std::iter::Iterator>::next.pointer_dereference.8
	 - Status: SUCCESS
	 - Description: "dereference failure: pointer invalid"
	 - Location: ../../home/runner/.rustup/toolchains/nightly-2026-08-21-x86_64-unknown-linux-gnu/lib/rustlib/src/rust/library/core/src/slice/iter/macros.rs:162:34 in function <std::slice::Iter<'_, u64> as std::iter::Iterator>::next

Check 78: <std::slice::Iter<'_, u64> as std::iter::Iterator>::next.pointer_dereference.9
	 - Status: SUCCESS
	 - Description: "dereference failure: deallocated dynamic object"
	 - Location: ../../home/runner/.rustup/toolchains/nightly-2026-08-21-x86_64-unknown-linux-gnu/lib/rustlib/src/rust/library/core/src/slice/iter/macros.rs:162:34 in function <std::slice::Iter<'_, u64> as std::iter::Iterator>::next

Check 79: <std::slice::Iter<'_, u64> as std::iter::Iterator>::next.pointer_dereference.10
	 - Status: SUCCESS
	 - Description: "dereference failure: dead object"
	 - Location: ../../home/runner/.rustup/toolchains/nightly-2026-08-21-x86_64-unknown-linux-gnu/lib/rustlib/src/rust/library/core/src/slice/iter/macros.rs:162:34 in function <std::slice::Iter<'_, u64> as std::iter::Iterator>::next

Check 80: <std::slice::Iter<'_, u64> as std::iter::Iterator>::next.pointer_dereference.11
	 - Status: SUCCESS
	 - Description: "dereference failure: pointer outside object bounds"
	 - Location: ../../home/runner/.rustup/toolchains/nightly-2026-08-21-x86_64-unknown-linux-gnu/lib/rustlib/src/rust/library/core/src/slice/iter/macros.rs:162:34 in function <std::slice::Iter<'_, u64> as std::iter::Iterator>::next

Check 81: <std::slice::Iter<'_, u64> as std::iter::Iterator>::next.pointer_dereference.12
	 - Status: SUCCESS
	 - Description: "dereference failure: invalid integer address"
	 - Location: ../../home/runner/.rustup/toolchains/nightly-2026-08-21-x86_64-unknown-linux-gnu/lib/rustlib/src/rust/library/core/src/slice/iter/macros.rs:162:34 in function <std::slice::Iter<'_, u64> as std::iter::Iterator>::next

Check 82: <std::slice::Iter<'_, u64> as std::iter::Iterator>::next.pointer_dereference.13
	 - Status: SUCCESS
	 - Description: "dereference failure: dead object"
	 - Location: ../../home/runner/.rustup/toolchains/nightly-2026-08-21-x86_64-unknown-linux-gnu/lib/rustlib/src/rust/library/core/src/slice/iter/macros.rs:169:36 in function <std::slice::Iter<'_, u64> as std::iter::Iterator>::next

Check 83: <std::slice::Iter<'_, u64> as std::iter::Iterator>::next.pointer_dereference.14
	 - Status: SUCCESS
	 - Description: "dereference failure: pointer NULL"
	 - Location: ../../home/runner/.rustup/toolchains/nightly-2026-08-21-x86_64-unknown-linux-gnu/lib/rustlib/src/rust/library/core/src/slice/iter/macros.rs:175:25 in function <std::slice::Iter<'_, u64> as std::iter::Iterator>::next

Check 84: <std::slice::Iter<'_, u64> as std::iter::Iterator>::next.pointer_dereference.15
	 - Status: SUCCESS
	 - Description: "dereference failure: pointer invalid"
	 - Location: ../../home/runner/.rustup/toolchains/nightly-2026-08-21-x86_64-unknown-linux-gnu/lib/rustlib/src/rust/library/core/src/slice/iter/macros.rs:175:25 in function <std::slice::Iter<'_, u64> as std::iter::Iterator>::next

Check 85: <std::slice::Iter<'_, u64> as std::iter::Iterator>::next.pointer_dereference.16
	 - Status: SUCCESS
	 - Description: "dereference failure: deallocated dynamic object"
	 - Location: ../../home/runner/.rustup/toolchains/nightly-2026-08-21-x86_64-unknown-linux-gnu/lib/rustlib/src/rust/library/core/src/slice/iter/macros.rs:175:25 in function <std::slice::Iter<'_, u64> as std::iter::Iterator>::next

Check 86: <std::slice::Iter<'_, u64> as std::iter::Iterator>::next.pointer_dereference.17
	 - Status: SUCCESS
	 - Description: "dereference failure: dead object"
	 - Location: ../../home/runner/.rustup/toolchains/nightly-2026-08-21-x86_64-unknown-linux-gnu/lib/rustlib/src/rust/library/core/src/slice/iter/macros.rs:175:25 in function <std::slice::Iter<'_, u64> as std::iter::Iterator>::next

Check 87: <std::slice::Iter<'_, u64> as std::iter::Iterator>::next.pointer_dereference.18
	 - Status: SUCCESS
	 - Description: "dereference failure: pointer outside object bounds"
	 - Location: ../../home/runner/.rustup/toolchains/nightly-2026-08-21-x86_64-unknown-linux-gnu/lib/rustlib/src/rust/library/core/src/slice/iter/macros.rs:175:25 in function <std::slice::Iter<'_, u64> as std::iter::Iterator>::next

Check 88: <std::slice::Iter<'_, u64> as std::iter::Iterator>::next.pointer_dereference.19
	 - Status: SUCCESS
	 - Description: "dereference failure: invalid integer address"
	 - Location: ../../home/runner/.rustup/toolchains/nightly-2026-08-21-x86_64-unknown-linux-gnu/lib/rustlib/src/rust/library/core/src/slice/iter/macros.rs:175:25 in function <std::slice::Iter<'_, u64> as std::iter::Iterator>::next

Check 89: <std::slice::Iter<'_, u64> as std::iter::Iterator>::next.pointer_dereference.20
	 - Status: SUCCESS
	 - Description: "dereference failure: dead object"
	 - Location: ../../home/runner/.rustup/toolchains/nightly-2026-08-21-x86_64-unknown-linux-gnu/lib/rustlib/src/rust/library/core/src/slice/iter/macros.rs:181:36 in function <std::slice::Iter<'_, u64> as std::iter::Iterator>::next

Check 90: <std::slice::Iter<'_, u64> as std::iter::Iterator>::next.pointer_dereference.21
	 - Status: SUCCESS
	 - Description: "dereference failure: pointer NULL"
	 - Location: ../../home/runner/.rustup/toolchains/nightly-2026-08-21-x86_64-unknown-linux-gnu/lib/rustlib/src/rust/library/core/src/slice/iter/macros.rs:185:25 in function <std::slice::Iter<'_, u64> as std::iter::Iterator>::next

Check 91: <std::slice::Iter<'_, u64> as std::iter::Iterator>::next.pointer_dereference.22
	 - Status: SUCCESS
	 - Description: "dereference failure: pointer invalid"
	 - Location: ../../home/runner/.rustup/toolchains/nightly-2026-08-21-x86_64-unknown-linux-gnu/lib/rustlib/src/rust/library/core/src/slice/iter/macros.rs:185:25 in function <std::slice::Iter<'_, u64> as std::iter::Iterator>::next

Check 92: <std::slice::Iter<'_, u64> as std::iter::Iterator>::next.pointer_dereference.23
	 - Status: SUCCESS
	 - Description: "dereference failure: deallocated dynamic object"
	 - Location: ../../home/runner/.rustup/toolchains/nightly-2026-08-21-x86_64-unknown-linux-gnu/lib/rustlib/src/rust/library/core/src/slice/iter/macros.rs:185:25 in function <std::slice::Iter<'_, u64> as std::iter::Iterator>::next

Check 93: <std::slice::Iter<'_, u64> as std::iter::Iterator>::next.pointer_dereference.24
	 - Status: SUCCESS
	 - Description: "dereference failure: dead object"
	 - Location: ../../home/runner/.rustup/toolchains/nightly-2026-08-21-x86_64-unknown-linux-gnu/lib/rustlib/src/rust/library/core/src/slice/iter/macros.rs:185:25 in function <std::slice::Iter<'_, u64> as std::iter::Iterator>::next

Check 94: <std::slice::Iter<'_, u64> as std::iter::Iterator>::next.pointer_dereference.25
	 - Status: SUCCESS
	 - Description: "dereference failure: pointer outside object bounds"
	 - Location: ../../home/runner/.rustup/toolchains/nightly-2026-08-21-x86_64-unknown-linux-gnu/lib/rustlib/src/rust/library/core/src/slice/iter/macros.rs:185:25 in function <std::slice::Iter<'_, u64> as std::iter::Iterator>::next

Check 95: <std::slice::Iter<'_, u64> as std::iter::Iterator>::next.pointer_dereference.26
	 - Status: SUCCESS
	 - Description: "dereference failure: invalid integer address"
	 - Location: ../../home/runner/.rustup/toolchains/nightly-2026-08-21-x86_64-unknown-linux-gnu/lib/rustlib/src/rust/library/core/src/slice/iter/macros.rs:185:25 in function <std::slice::Iter<'_, u64> as std::iter::Iterator>::next

Check 96: <std::slice::IterMut<'_, u64> as std::iter::Iterator>::next.pointer_dereference.1
	 - Status: SUCCESS
	 - Description: "dereference failure: pointer NULL"
	 - Location: ../../home/runner/.rustup/toolchains/nightly-2026-08-21-x86_64-unknown-linux-gnu/lib/rustlib/src/rust/library/core/src/slice/iter/macros.rs:161:27 in function <std::slice::IterMut<'_, u64> as std::iter::Iterator>::next

Check 97: <std::slice::IterMut<'_, u64> as std::iter::Iterator>::next.pointer_dereference.2
	 - Status: SUCCESS
	 - Description: "dereference failure: pointer invalid"
	 - Location: ../../home/runner/.rustup/toolchains/nightly-2026-08-21-x86_64-unknown-linux-gnu/lib/rustlib/src/rust/library/core/src/slice/iter/macros.rs:161:27 in function <std::slice::IterMut<'_, u64> as std::iter::Iterator>::next

Check 98: <std::slice::IterMut<'_, u64> as std::iter::Iterator>::next.pointer_dereference.3
	 - Status: SUCCESS
	 - Description: "dereference failure: deallocated dynamic object"
	 - Location: ../../home/runner/.rustup/toolchains/nightly-2026-08-21-x86_64-unknown-linux-gnu/lib/rustlib/src/rust/library/core/src/slice/iter/macros.rs:161:27 in function <std::slice::IterMut<'_, u64> as std::iter::Iterator>::next

Check 99: <std::slice::IterMut<'_, u64> as std::iter::Iterator>::next.pointer_dereference.4
	 - Status: SUCCESS
	 - Description: "dereference failure: dead object"
	 - Location: ../../home/runner/.rustup/toolchains/nightly-2026-08-21-x86_64-unknown-linux-gnu/lib/rustlib/src/rust/library/core/src/slice/iter/macros.rs:161:27 in function <std::slice::IterMut<'_, u64> as std::iter::Iterator>::next

Check 100: <std::slice::IterMut<'_, u64> as std::iter::Iterator>::next.pointer_dereference.5
	 - Status: SUCCESS
	 - Description: "dereference failure: pointer outside object bounds"
	 - Location: ../../home/runner/.rustup/toolchains/nightly-2026-08-21-x86_64-unknown-linux-gnu/lib/rustlib/src/rust/library/core/src/slice/iter/macros.rs:161:27 in function <std::slice::IterMut<'_, u64> as std::iter::Iterator>::next

Check 101: <std::slice::IterMut<'_, u64> as std::iter::Iterator>::next.pointer_dereference.6
	 - Status: SUCCESS
	 - Description: "dereference failure: invalid integer address"
	 - Location: ../../home/runner/.rustup/toolchains/nightly-2026-08-21-x86_64-unknown-linux-gnu/lib/rustlib/src/rust/library/core/src/slice/iter/macros.rs:161:27 in function <std::slice::IterMut<'_, u64> as std::iter::Iterator>::next

Check 102: <std::slice::IterMut<'_, u64> as std::iter::Iterator>::next.pointer_dereference.7
	 - Status: SUCCESS
	 - Description: "dereference failure: pointer NULL"
	 - Location: ../../home/runner/.rustup/toolchains/nightly-2026-08-21-x86_64-unknown-linux-gnu/lib/rustlib/src/rust/library/core/src/slice/iter/macros.rs:162:34 in function <std::slice::IterMut<'_, u64> as std::iter::Iterator>::next

Check 103: <std::slice::IterMut<'_, u64> as std::iter::Iterator>::next.pointer_dereference.8
	 - Status: SUCCESS
	 - Description: "dereference failure: pointer invalid"
	 - Location: ../../home/runner/.rustup/toolchains/nightly-2026-08-21-x86_64-unknown-linux-gnu/lib/rustlib/src/rust/library/core/src/slice/iter/macros.rs:162:34 in function <std::slice::IterMut<'_, u64> as std::iter::Iterator>::next

Check 104: <std::slice::IterMut<'_, u64> as std::iter::Iterator>::next.pointer_dereference.9
	 - Status: SUCCESS
	 - Description: "dereference failure: deallocated dynamic object"
	 - Location: ../../home/runner/.rustup/toolchains/nightly-2026-08-21-x86_64-unknown-linux-gnu/lib/rustlib/src/rust/library/core/src/slice/iter/macros.rs:162:34 in function <std::slice::IterMut<'_, u64> as std::iter::Iterator>::next

Check 105: <std::slice::IterMut<'_, u64> as std::iter::Iterator>::next.pointer_dereference.10
	 - Status: SUCCESS
	 - Description: "dereference failure: dead object"
	 - Location: ../../home/runner/.rustup/toolchains/nightly-2026-08-21-x86_64-unknown-linux-gnu/lib/rustlib/src/rust/library/core/src/slice/iter/macros.rs:162:34 in function <std::slice::IterMut<'_, u64> as std::iter::Iterator>::next

Check 106: <std::slice::IterMut<'_, u64> as std::iter::Iterator>::next.pointer_dereference.11
	 - Status: SUCCESS
	 - Description: "dereference failure: pointer outside object bounds"
	 - Location: ../../home/runner/.rustup/toolchains/nightly-2026-08-21-x86_64-unknown-linux-gnu/lib/rustlib/src/rust/library/core/src/slice/iter/macros.rs:162:34 in function <std::slice::IterMut<'_, u64> as std::iter::Iterator>::next

Check 107: <std::slice::IterMut<'_, u64> as std::iter::Iterator>::next.pointer_dereference.12
	 - Status: SUCCESS
	 - Description: "dereference failure: invalid integer address"
	 - Location: ../../home/runner/.rustup/toolchains/nightly-2026-08-21-x86_64-unknown-linux-gnu/lib/rustlib/src/rust/library/core/src/slice/iter/macros.rs:162:34 in function <std::slice::IterMut<'_, u64> as std::iter::Iterator>::next

Check 108: <std::slice::IterMut<'_, u64> as std::iter::Iterator>::next.pointer_dereference.13
	 - Status: SUCCESS
	 - Description: "dereference failure: dead object"
	 - Location: ../../home/runner/.rustup/toolchains/nightly-2026-08-21-x86_64-unknown-linux-gnu/lib/rustlib/src/rust/library/core/src/slice/iter/macros.rs:169:36 in function <std::slice::IterMut<'_, u64> as std::iter::Iterator>::next

Check 109: <std::slice::IterMut<'_, u64> as std::iter::Iterator>::next.pointer_dereference.14
	 - Status: SUCCESS
	 - Description: "dereference failure: pointer NULL"
	 - Location: ../../home/runner/.rustup/toolchains/nightly-2026-08-21-x86_64-unknown-linux-gnu/lib/rustlib/src/rust/library/core/src/slice/iter/macros.rs:175:25 in function <std::slice::IterMut<'_, u64> as std::iter::Iterator>::next

Check 110: <std::slice::IterMut<'_, u64> as std::iter::Iterator>::next.pointer_dereference.15
	 - Status: SUCCESS
	 - Description: "dereference failure: pointer invalid"
	 - Location: ../../home/runner/.rustup/toolchains/nightly-2026-08-21-x86_64-unknown-linux-gnu/lib/rustlib/src/rust/library/core/src/slice/iter/macros.rs:175:25 in function <std::slice::IterMut<'_, u64> as std::iter::Iterator>::next

Check 111: <std::slice::IterMut<'_, u64> as std::iter::Iterator>::next.pointer_dereference.16
	 - Status: SUCCESS
	 - Description: "dereference failure: deallocated dynamic object"
	 - Location: ../../home/runner/.rustup/toolchains/nightly-2026-08-21-x86_64-unknown-linux-gnu/lib/rustlib/src/rust/library/core/src/slice/iter/macros.rs:175:25 in function <std::slice::IterMut<'_, u64> as std::iter::Iterator>::next

Check 112: <std::slice::IterMut<'_, u64> as std::iter::Iterator>::next.pointer_dereference.17
	 - Status: SUCCESS
	 - Description: "dereference failure: dead object"
	 - Location: ../../home/runner/.rustup/toolchains/nightly-2026-08-21-x86_64-unknown-linux-gnu/lib/rustlib/src/rust/library/core/src/slice/iter/macros.rs:175:25 in function <std::slice::IterMut<'_, u64> as std::iter::Iterator>::next

Check 113: <std::slice::IterMut<'_, u64> as std::iter::Iterator>::next.pointer_dereference.18
	 - Status: SUCCESS
	 - Description: "dereference failure: pointer outside object bounds"
	 - Location: ../../home/runner/.rustup/toolchains/nightly-2026-08-21-x86_64-unknown-linux-gnu/lib/rustlib/src/rust/library/core/src/slice/iter/macros.rs:175:25 in function <std::slice::IterMut<'_, u64> as std::iter::Iterator>::next

Check 114: <std::slice::IterMut<'_, u64> as std::iter::Iterator>::next.pointer_dereference.19
	 - Status: SUCCESS
	 - Description: "dereference failure: invalid integer address"
	 - Location: ../../home/runner/.rustup/toolchains/nightly-2026-08-21-x86_64-unknown-linux-gnu/lib/rustlib/src/rust/library/core/src/slice/iter/macros.rs:175:25 in function <std::slice::IterMut<'_, u64> as std::iter::Iterator>::next

Check 115: <std::slice::IterMut<'_, u64> as std::iter::Iterator>::next.pointer_dereference.20
	 - Status: SUCCESS
	 - Description: "dereference failure: dead object"
	 - Location: ../../home/runner/.rustup/toolchains/nightly-2026-08-21-x86_64-unknown-linux-gnu/lib/rustlib/src/rust/library/core/src/slice/iter/macros.rs:181:36 in function <std::slice::IterMut<'_, u64> as std::iter::Iterator>::next

Check 116: <std::slice::IterMut<'_, u64> as std::iter::Iterator>::next.pointer_dereference.21
	 - Status: SUCCESS
	 - Description: "dereference failure: pointer NULL"
	 - Location: ../../home/runner/.rustup/toolchains/nightly-2026-08-21-x86_64-unknown-linux-gnu/lib/rustlib/src/rust/library/core/src/slice/iter/macros.rs:185:25 in function <std::slice::IterMut<'_, u64> as std::iter::Iterator>::next

Check 117: <std::slice::IterMut<'_, u64> as std::iter::Iterator>::next.pointer_dereference.22
	 - Status: SUCCESS
	 - Description: "dereference failure: pointer invalid"
	 - Location: ../../home/runner/.rustup/toolchains/nightly-2026-08-21-x86_64-unknown-linux-gnu/lib/rustlib/src/rust/library/core/src/slice/iter/macros.rs:185:25 in function <std::slice::IterMut<'_, u64> as std::iter::Iterator>::next

Check 118: <std::slice::IterMut<'_, u64> as std::iter::Iterator>::next.pointer_dereference.23
	 - Status: SUCCESS
	 - Description: "dereference failure: deallocated dynamic object"
	 - Location: ../../home/runner/.rustup/toolchains/nightly-2026-08-21-x86_64-unknown-linux-gnu/lib/rustlib/src/rust/library/core/src/slice/iter/macros.rs:185:25 in function <std::slice::IterMut<'_, u64> as std::iter::Iterator>::next

Check 119: <std::slice::IterMut<'_, u64> as std::iter::Iterator>::next.pointer_dereference.24
	 - Status: SUCCESS
	 - Description: "dereference failure: dead object"
	 - Location: ../../home/runner/.rustup/toolchains/nightly-2026-08-21-x86_64-unknown-linux-gnu/lib/rustlib/src/rust/library/core/src/slice/iter/macros.rs:185:25 in function <std::slice::IterMut<'_, u64> as std::iter::Iterator>::next

Check 120: <std::slice::IterMut<'_, u64> as std::iter::Iterator>::next.pointer_dereference.25
	 - Status: SUCCESS
	 - Description: "dereference failure: pointer outside object bounds"
	 - Location: ../../home/runner/.rustup/toolchains/nightly-2026-08-21-x86_64-unknown-linux-gnu/lib/rustlib/src/rust/library/core/src/slice/iter/macros.rs:185:25 in function <std::slice::IterMut<'_, u64> as std::iter::Iterator>::next

Check 121: <std::slice::IterMut<'_, u64> as std::iter::Iterator>::next.pointer_dereference.26
	 - Status: SUCCESS
	 - Description: "dereference failure: invalid integer address"
	 - Location: ../../home/runner/.rustup/toolchains/nightly-2026-08-21-x86_64-unknown-linux-gnu/lib/rustlib/src/rust/library/core/src/slice/iter/macros.rs:185:25 in function <std::slice::IterMut<'_, u64> as std::iter::Iterator>::next

Check 122: <std::iter::Take<std::slice::IterMut<'_, u64>> as std::iter::Iterator>::next.pointer_dereference.1
	 - Status: SUCCESS
	 - Description: "dereference failure: pointer NULL"
	 - Location: ../../home/runner/.rustup/toolchains/nightly-2026-08-21-x86_64-unknown-linux-gnu/lib/rustlib/src/rust/library/core/src/iter/adapters/take.rs:37:12 in function <std::iter::Take<std::slice::IterMut<'_, u64>> as std::iter::Iterator>::next

Check 123: <std::iter::Take<std::slice::IterMut<'_, u64>> as std::iter::Iterator>::next.pointer_dereference.2
	 - Status: SUCCESS
	 - Description: "dereference failure: pointer invalid"
	 - Location: ../../home/runner/.rustup/toolchains/nightly-2026-08-21-x86_64-unknown-linux-gnu/lib/rustlib/src/rust/library/core/src/iter/adapters/take.rs:37:12 in function <std::iter::Take<std::slice::IterMut<'_, u64>> as std::iter::Iterator>::next

Check 124: <std::iter::Take<std::slice::IterMut<'_, u64>> as std::iter::Iterator>::next.pointer_dereference.3
	 - Status: SUCCESS
	 - Description: "dereference failure: deallocated dynamic object"
	 - Location: ../../home/runner/.rustup/toolchains/nightly-2026-08-21-x86_64-unknown-linux-gnu/lib/rustlib/src/rust/library/core/src/iter/adapters/take.rs:37:12 in function <std::iter::Take<std::slice::IterMut<'_, u64>> as std::iter::Iterator>::next

Check 125: <std::iter::Take<std::slice::IterMut<'_, u64>> as std::iter::Iterator>::next.pointer_dereference.4
	 - Status: SUCCESS
	 - Description: "dereference failure: dead object"
	 - Location: ../../home/runner/.rustup/toolchains/nightly-2026-08-21-x86_64-unknown-linux-gnu/lib/rustlib/src/rust/library/core/src/iter/adapters/take.rs:37:12 in function <std::iter::Take<std::slice::IterMut<'_, u64>> as std::iter::Iterator>::next

Check 126: <std::iter::Take<std::slice::IterMut<'_, u64>> as std::iter::Iterator>::next.pointer_dereference.5
	 - Status: SUCCESS
	 - Description: "dereference failure: pointer outside object bounds"
	 - Location: ../../home/runner/.rustup/toolchains/nightly-2026-08-21-x86_64-unknown-linux-gnu/lib/rustlib/src/rust/library/core/src/iter/adapters/take.rs:37:12 in function <std::iter::Take<std::slice::IterMut<'_, u64>> as std::iter::Iterator>::next

Check 127: <std::iter::Take<std::slice::IterMut<'_, u64>> as std::iter::Iterator>::next.pointer_dereference.6
	 - Status: SUCCESS
	 - Description: "dereference failure: invalid integer address"
	 - Location: ../../home/runner/.rustup/toolchains/nightly-2026-08-21-x86_64-unknown-linux-gnu/lib/rustlib/src/rust/library/core/src/iter/adapters/take.rs:37:12 in function <std::iter::Take<std::slice::IterMut<'_, u64>> as std::iter::Iterator>::next

Check 128: pointer_dereference.1
	 - Status: SUCCESS
	 - Description: "dereference failure: pointer NULL"

Check 129: pointer_dereference.2
	 - Status: SUCCESS
	 - Description: "dereference failure: pointer invalid"

Check 130: pointer_dereference.3
	 - Status: SUCCESS
	 - Description: "dereference failure: deallocated dynamic object"

Check 131: pointer_dereference.4
	 - Status: SUCCESS
	 - Description: "dereference failure: dead object"

Check 132: pointer_dereference.5
	 - Status: SUCCESS
	 - Description: "dereference failure: pointer outside object bounds"

Check 133: pointer_dereference.6
	 - Status: SUCCESS
	 - Description: "dereference failure: invalid integer address"

Check 134: <std::iter::Take<std::slice::IterMut<'_, u64>> as std::iter::Iterator>::next.pointer_dereference.7
	 - Status: SUCCESS
	 - Description: "dereference failure: pointer NULL"
	 - Location: ../../home/runner/.rustup/toolchains/nightly-2026-08-21-x86_64-unknown-linux-gnu/lib/rustlib/src/rust/library/core/src/iter/adapters/take.rs:38:13 in function <std::iter::Take<std::slice::IterMut<'_, u64>> as std::iter::Iterator>::next

Check 135: <std::iter::Take<std::slice::IterMut<'_, u64>> as std::iter::Iterator>::next.pointer_dereference.8
	 - Status: SUCCESS
	 - Description: "dereference failure: pointer invalid"
	 - Location: ../../home/runner/.rustup/toolchains/nightly-2026-08-21-x86_64-unknown-linux-gnu/lib/rustlib/src/rust/library/core/src/iter/adapters/take.rs:38:13 in function <std::iter::Take<std::slice::IterMut<'_, u64>> as std::iter::Iterator>::next

Check 136: <std::iter::Take<std::slice::IterMut<'_, u64>> as std::iter::Iterator>::next.pointer_dereference.9
	 - Status: SUCCESS
	 - Description: "dereference failure: deallocated dynamic object"
	 - Location: ../../home/runner/.rustup/toolchains/nightly-2026-08-21-x86_64-unknown-linux-gnu/lib/rustlib/src/rust/library/core/src/iter/adapters/take.rs:38:13 in function <std::iter::Take<std::slice::IterMut<'_, u64>> as std::iter::Iterator>::next

Check 137: <std::iter::Take<std::slice::IterMut<'_, u64>> as std::iter::Iterator>::next.pointer_dereference.10
	 - Status: SUCCESS
	 - Description: "dereference failure: dead object"
	 - Location: ../../home/runner/.rustup/toolchains/nightly-2026-08-21-x86_64-unknown-linux-gnu/lib/rustlib/src/rust/library/core/src/iter/adapters/take.rs:38:13 in function <std::iter::Take<std::slice::IterMut<'_, u64>> as std::iter::Iterator>::next

Check 138: <std::iter::Take<std::slice::IterMut<'_, u64>> as std::iter::Iterator>::next.pointer_dereference.11
	 - Status: SUCCESS
	 - Description: "dereference failure: pointer outside object bounds"
	 - Location: ../../home/runner/.rustup/toolchains/nightly-2026-08-21-x86_64-unknown-linux-gnu/lib/rustlib/src/rust/library/core/src/iter/adapters/take.rs:38:13 in function <std::iter::Take<std::slice::IterMut<'_, u64>> as std::iter::Iterator>::next

Check 139: <std::iter::Take<std::slice::IterMut<'_, u64>> as std::iter::Iterator>::next.pointer_dereference.12
	 - Status: SUCCESS
	 - Description: "dereference failure: invalid integer address"
	 - Location: ../../home/runner/.rustup/toolchains/nightly-2026-08-21-x86_64-unknown-linux-gnu/lib/rustlib/src/rust/library/core/src/iter/adapters/take.rs:38:13 in function <std::iter::Take<std::slice::IterMut<'_, u64>> as std::iter::Iterator>::next

Check 140: <std::iter::Take<std::slice::IterMut<'_, u64>> as std::iter::Iterator>::next.pointer_dereference.13
	 - Status: SUCCESS
	 - Description: "dereference failure: dead object"
	 - Location: ../../home/runner/.rustup/toolchains/nightly-2026-08-21-x86_64-unknown-linux-gnu/lib/rustlib/src/rust/library/core/src/iter/adapters/take.rs:41:13 in function <std::iter::Take<std::slice::IterMut<'_, u64>> as std::iter::Iterator>::next

Check 141: <std::ptr::NonNull<u64> as std::cmp::PartialEq>::eq.pointer_dereference.1
	 - Status: SUCCESS
	 - Description: "dereference failure: pointer NULL"
	 - Location: ../../home/runner/.rustup/toolchains/nightly-2026-08-21-x86_64-unknown-linux-gnu/lib/rustlib/src/rust/library/core/src/ptr/non_null.rs:1663:9 in function <std::ptr::NonNull<u64> as std::cmp::PartialEq>::eq

Check 142: <std::ptr::NonNull<u64> as std::cmp::PartialEq>::eq.pointer_dereference.2
	 - Status: SUCCESS
	 - Description: "dereference failure: pointer invalid"
	 - Location: ../../home/runner/.rustup/toolchains/nightly-2026-08-21-x86_64-unknown-linux-gnu/lib/rustlib/src/rust/library/core/src/ptr/non_null.rs:1663:9 in function <std::ptr::NonNull<u64> as std::cmp::PartialEq>::eq

Check 143: <std::ptr::NonNull<u64> as std::cmp::PartialEq>::eq.pointer_dereference.3
	 - Status: SUCCESS
	 - Description: "dereference failure: deallocated dynamic object"
	 - Location: ../../home/runner/.rustup/toolchains/nightly-2026-08-21-x86_64-unknown-linux-gnu/lib/rustlib/src/rust/library/core/src/ptr/non_null.rs:1663:9 in function <std::ptr::NonNull<u64> as std::cmp::PartialEq>::eq

Check 144: <std::ptr::NonNull<u64> as std::cmp::PartialEq>::eq.pointer_dereference.4
	 - Status: SUCCESS
	 - Description: "dereference failure: dead object"
	 - Location: ../../home/runner/.rustup/toolchains/nightly-2026-08-21-x86_64-unknown-linux-gnu/lib/rustlib/src/rust/library/core/src/ptr/non_null.rs:1663:9 in function <std::ptr::NonNull<u64> as std::cmp::PartialEq>::eq

Check 145: <std::ptr::NonNull<u64> as std::cmp::PartialEq>::eq.pointer_dereference.5
	 - Status: SUCCESS
	 - Description: "dereference failure: pointer outside object bounds"
	 - Location: ../../home/runner/.rustup/toolchains/nightly-2026-08-21-x86_64-unknown-linux-gnu/lib/rustlib/src/rust/library/core/src/ptr/non_null.rs:1663:9 in function <std::ptr::NonNull<u64> as std::cmp::PartialEq>::eq

Check 146: <std::ptr::NonNull<u64> as std::cmp::PartialEq>::eq.pointer_dereference.6
	 - Status: SUCCESS
	 - Description: "dereference failure: invalid integer address"
	 - Location: ../../home/runner/.rustup/toolchains/nightly-2026-08-21-x86_64-unknown-linux-gnu/lib/rustlib/src/rust/library/core/src/ptr/non_null.rs:1663:9 in function <std::ptr::NonNull<u64> as std::cmp::PartialEq>::eq

Check 147: <std::ptr::NonNull<u64> as std::cmp::PartialEq>::eq.pointer_dereference.7
	 - Status: SUCCESS
	 - Description: "dereference failure: pointer NULL"
	 - Location: ../../home/runner/.rustup/toolchains/nightly-2026-08-21-x86_64-unknown-linux-gnu/lib/rustlib/src/rust/library/core/src/ptr/non_null.rs:1663:26 in function <std::ptr::NonNull<u64> as std::cmp::PartialEq>::eq

Check 148: <std::ptr::NonNull<u64> as std::cmp::PartialEq>::eq.pointer_dereference.8
	 - Status: SUCCESS
	 - Description: "dereference failure: pointer invalid"
	 - Location: ../../home/runner/.rustup/toolchains/nightly-2026-08-21-x86_64-unknown-linux-gnu/lib/rustlib/src/rust/library/core/src/ptr/non_null.rs:1663:26 in function <std::ptr::NonNull<u64> as std::cmp::PartialEq>::eq

Check 149: <std::ptr::NonNull<u64> as std::cmp::PartialEq>::eq.pointer_dereference.9
	 - Status: SUCCESS
	 - Description: "dereference failure: deallocated dynamic object"
	 - Location: ../../home/runner/.rustup/toolchains/nightly-2026-08-21-x86_64-unknown-linux-gnu/lib/rustlib/src/rust/library/core/src/ptr/non_null.rs:1663:26 in function <std::ptr::NonNull<u64> as std::cmp::PartialEq>::eq

Check 150: <std::ptr::NonNull<u64> as std::cmp::PartialEq>::eq.pointer_dereference.10
	 - Status: SUCCESS
	 - Description: "dereference failure: dead object"
	 - Location: ../../home/runner/.rustup/toolchains/nightly-2026-08-21-x86_64-unknown-linux-gnu/lib/rustlib/src/rust/library/core/src/ptr/non_null.rs:1663:26 in function <std::ptr::NonNull<u64> as std::cmp::PartialEq>::eq

Check 151: <std::ptr::NonNull<u64> as std::cmp::PartialEq>::eq.pointer_dereference.11
	 - Status: SUCCESS
	 - Description: "dereference failure: pointer outside object bounds"
	 - Location: ../../home/runner/.rustup/toolchains/nightly-2026-08-21-x86_64-unknown-linux-gnu/lib/rustlib/src/rust/library/core/src/ptr/non_null.rs:1663:26 in function <std::ptr::NonNull<u64> as std::cmp::PartialEq>::eq

Check 152: <std::ptr::NonNull<u64> as std::cmp::PartialEq>::eq.pointer_dereference.12
	 - Status: SUCCESS
	 - Description: "dereference failure: invalid integer address"
	 - Location: ../../home/runner/.rustup/toolchains/nightly-2026-08-21-x86_64-unknown-linux-gnu/lib/rustlib/src/rust/library/core/src/ptr/non_null.rs:1663:26 in function <std::ptr::NonNull<u64> as std::cmp::PartialEq>::eq

Check 153: <std::option::Option<u64> as std::cmp::PartialEq>::eq.pointer_dereference.1
	 - Status: SUCCESS
	 - Description: "dereference failure: pointer NULL"
	 - Location: ../../home/runner/.rustup/toolchains/nightly-2026-08-21-x86_64-unknown-linux-gnu/lib/rustlib/src/rust/library/core/src/option.rs:2439:15 in function <std::option::Option<u64> as std::cmp::PartialEq>::eq

Check 154: <std::option::Option<u64> as std::cmp::PartialEq>::eq.pointer_dereference.2
	 - Status: SUCCESS
	 - Description: "dereference failure: pointer invalid"
	 - Location: ../../home/runner/.rustup/toolchains/nightly-2026-08-21-x86_64-unknown-linux-gnu/lib/rustlib/src/rust/library/core/src/option.rs:2439:15 in function <std::option::Option<u64> as std::cmp::PartialEq>::eq

Check 155: <std::option::Option<u64> as std::cmp::PartialEq>::eq.pointer_dereference.3
	 - Status: SUCCESS
	 - Description: "dereference failure: deallocated dynamic object"
	 - Location: ../../home/runner/.rustup/toolchains/nightly-2026-08-21-x86_64-unknown-linux-gnu/lib/rustlib/src/rust/library/core/src/option.rs:2439:15 in function <std::option::Option<u64> as std::cmp::PartialEq>::eq

Check 156: <std::option::Option<u64> as std::cmp::PartialEq>::eq.pointer_dereference.4
	 - Status: SUCCESS
	 - Description: "dereference failure: dead object"
	 - Location: ../../home/runner/.rustup/toolchains/nightly-2026-08-21-x86_64-unknown-linux-gnu/lib/rustlib/src/rust/library/core/src/option.rs:2439:15 in function <std::option::Option<u64> as std::cmp::PartialEq>::eq

Check 157: <std::option::Option<u64> as std::cmp::PartialEq>::eq.pointer_dereference.5
	 - Status: SUCCESS
	 - Description: "dereference failure: pointer outside object bounds"
	 - Location: ../../home/runner/.rustup/toolchains/nightly-2026-08-21-x86_64-unknown-linux-gnu/lib/rustlib/src/rust/library/core/src/option.rs:2439:15 in function <std::option::Option<u64> as std::cmp::PartialEq>::eq

Check 158: <std::option::Option<u64> as std::cmp::PartialEq>::eq.pointer_dereference.6
	 - Status: SUCCESS
	 - Description: "dereference failure: invalid integer address"
	 - Location: ../../home/runner/.rustup/toolchains/nightly-2026-08-21-x86_64-unknown-linux-gnu/lib/rustlib/src/rust/library/core/src/option.rs:2439:15 in function <std::option::Option<u64> as std::cmp::PartialEq>::eq

Check 159: <std::option::Option<u64> as std::cmp::PartialEq>::eq.pointer_dereference.7
	 - Status: SUCCESS
	 - Description: "dereference failure: pointer NULL"
	 - Location: ../../home/runner/.rustup/toolchains/nightly-2026-08-21-x86_64-unknown-linux-gnu/lib/rustlib/src/rust/library/core/src/option.rs:2439:15 in function <std::option::Option<u64> as std::cmp::PartialEq>::eq

Check 160: <std::option::Option<u64> as std::cmp::PartialEq>::eq.pointer_dereference.8
	 - Status: SUCCESS
	 - Description: "dereference failure: pointer invalid"
	 - Location: ../../home/runner/.rustup/toolchains/nightly-2026-08-21-x86_64-unknown-linux-gnu/lib/rustlib/src/rust/library/core/src/option.rs:2439:15 in function <std::option::Option<u64> as std::cmp::PartialEq>::eq

Check 161: <std::option::Option<u64> as std::cmp::PartialEq>::eq.pointer_dereference.9
	 - Status: SUCCESS
	 - Description: "dereference failure: deallocated dynamic object"
	 - Location: ../../home/runner/.rustup/toolchains/nightly-2026-08-21-x86_64-unknown-linux-gnu/lib/rustlib/src/rust/library/core/src/option.rs:2439:15 in function <std::option::Option<u64> as std::cmp::PartialEq>::eq

Check 162: <std::option::Option<u64> as std::cmp::PartialEq>::eq.pointer_dereference.10
	 - Status: SUCCESS
	 - Description: "dereference failure: dead object"
	 - Location: ../../home/runner/.rustup/toolchains/nightly-2026-08-21-x86_64-unknown-linux-gnu/lib/rustlib/src/rust/library/core/src/option.rs:2439:15 in function <std::option::Option<u64> as std::cmp::PartialEq>::eq

Check 163: <std::option::Option<u64> as std::cmp::PartialEq>::eq.pointer_dereference.11
	 - Status: SUCCESS
	 - Description: "dereference failure: pointer outside object bounds"
	 - Location: ../../home/runner/.rustup/toolchains/nightly-2026-08-21-x86_64-unknown-linux-gnu/lib/rustlib/src/rust/library/core/src/option.rs:2439:15 in function <std::option::Option<u64> as std::cmp::PartialEq>::eq

Check 164: <std::option::Option<u64> as std::cmp::PartialEq>::eq.pointer_dereference.12
	 - Status: SUCCESS
	 - Description: "dereference failure: invalid integer address"
	 - Location: ../../home/runner/.rustup/toolchains/nightly-2026-08-21-x86_64-unknown-linux-gnu/lib/rustlib/src/rust/library/core/src/option.rs:2439:15 in function <std::option::Option<u64> as std::cmp::PartialEq>::eq

Check 165: <std::option::Option<u64> as std::cmp::PartialEq>::eq.pointer_dereference.13
	 - Status: SUCCESS
	 - Description: "dereference failure: pointer NULL"
	 - Location: ../../home/runner/.rustup/toolchains/nightly-2026-08-21-x86_64-unknown-linux-gnu/lib/rustlib/src/rust/library/core/src/option.rs:2439:15 in function <std::option::Option<u64> as std::cmp::PartialEq>::eq

Check 166: <std::option::Option<u64> as std::cmp::PartialEq>::eq.pointer_dereference.14
	 - Status: SUCCESS
	 - Description: "dereference failure: pointer invalid"
	 - Location: ../../home/runner/.rustup/toolchains/nightly-2026-08-21-x86_64-unknown-linux-gnu/lib/rustlib/src/rust/library/core/src/option.rs:2439:15 in function <std::option::Option<u64> as std::cmp::PartialEq>::eq

Check 167: <std::option::Option<u64> as std::cmp::PartialEq>::eq.pointer_dereference.15
	 - Status: SUCCESS
	 - Description: "dereference failure: deallocated dynamic object"
	 - Location: ../../home/runner/.rustup/toolchains/nightly-2026-08-21-x86_64-unknown-linux-gnu/lib/rustlib/src/rust/library/core/src/option.rs:2439:15 in function <std::option::Option<u64> as std::cmp::PartialEq>::eq

Check 168: <std::option::Option<u64> as std::cmp::PartialEq>::eq.pointer_dereference.16
	 - Status: SUCCESS
	 - Description: "dereference failure: dead object"
	 - Location: ../../home/runner/.rustup/toolchains/nightly-2026-08-21-x86_64-unknown-linux-gnu/lib/rustlib/src/rust/library/core/src/option.rs:2439:15 in function <std::option::Option<u64> as std::cmp::PartialEq>::eq

Check 169: <std::option::Option<u64> as std::cmp::PartialEq>::eq.pointer_dereference.17
	 - Status: SUCCESS
	 - Description: "dereference failure: pointer outside object bounds"
	 - Location: ../../home/runner/.rustup/toolchains/nightly-2026-08-21-x86_64-unknown-linux-gnu/lib/rustlib/src/rust/library/core/src/option.rs:2439:15 in function <std::option::Option<u64> as std::cmp::PartialEq>::eq

Check 170: <std::option::Option<u64> as std::cmp::PartialEq>::eq.pointer_dereference.18
	 - Status: SUCCESS
	 - Description: "dereference failure: invalid integer address"
	 - Location: ../../home/runner/.rustup/toolchains/nightly-2026-08-21-x86_64-unknown-linux-gnu/lib/rustlib/src/rust/library/core/src/option.rs:2439:15 in function <std::option::Option<u64> as std::cmp::PartialEq>::eq

Check 171: std::cmp::impls::<impl std::cmp::PartialEq for u64>::eq.pointer_dereference.1
	 - Status: SUCCESS
	 - Description: "dereference failure: pointer NULL"
	 - Location: ../../home/runner/.rustup/toolchains/nightly-2026-08-21-x86_64-unknown-linux-gnu/lib/rustlib/src/rust/library/core/src/cmp.rs:2153:54 in function std::cmp::impls::<impl std::cmp::PartialEq for u64>::eq

Check 172: std::cmp::impls::<impl std::cmp::PartialEq for u64>::eq.pointer_dereference.2
	 - Status: SUCCESS
	 - Description: "dereference failure: pointer invalid"
	 - Location: ../../home/runner/.rustup/toolchains/nightly-2026-08-21-x86_64-unknown-linux-gnu/lib/rustlib/src/rust/library/core/src/cmp.rs:2153:54 in function std::cmp::impls::<impl std::cmp::PartialEq for u64>::eq

Check 173: std::cmp::impls::<impl std::cmp::PartialEq for u64>::eq.pointer_dereference.3
	 - Status: SUCCESS
	 - Description: "dereference failure: deallocated dynamic object"
	 - Location: ../../home/runner/.rustup/toolchains/nightly-2026-08-21-x86_64-unknown-linux-gnu/lib/rustlib/src/rust/library/core/src/cmp.rs:2153:54 in function std::cmp::impls::<impl std::cmp::PartialEq for u64>::eq

Check 174: std::cmp::impls::<impl std::cmp::PartialEq for u64>::eq.pointer_dereference.4
	 - Status: SUCCESS
	 - Description: "dereference failure: dead object"
	 - Location: ../../home/runner/.rustup/toolchains/nightly-2026-08-21-x86_64-unknown-linux-gnu/lib/rustlib/src/rust/library/core/src/cmp.rs:2153:54 in function std::cmp::impls::<impl std::cmp::PartialEq for u64>::eq

Check 175: std::cmp::impls::<impl std::cmp::PartialEq for u64>::eq.pointer_dereference.5
	 - Status: SUCCESS
	 - Description: "dereference failure: pointer outside object bounds"
	 - Location: ../../home/runner/.rustup/toolchains/nightly-2026-08-21-x86_64-unknown-linux-gnu/lib/rustlib/src/rust/library/core/src/cmp.rs:2153:54 in function std::cmp::impls::<impl std::cmp::PartialEq for u64>::eq

Check 176: std::cmp::impls::<impl std::cmp::PartialEq for u64>::eq.pointer_dereference.6
	 - Status: SUCCESS
	 - Description: "dereference failure: invalid integer address"
	 - Location: ../../home/runner/.rustup/toolchains/nightly-2026-08-21-x86_64-unknown-linux-gnu/lib/rustlib/src/rust/library/core/src/cmp.rs:2153:54 in function std::cmp::impls::<impl std::cmp::PartialEq for u64>::eq

Check 177: std::cmp::impls::<impl std::cmp::PartialEq for u64>::eq.pointer_dereference.7
	 - Status: SUCCESS
	 - Description: "dereference failure: pointer NULL"
	 - Location: ../../home/runner/.rustup/toolchains/nightly-2026-08-21-x86_64-unknown-linux-gnu/lib/rustlib/src/rust/library/core/src/cmp.rs:2153:63 in function std::cmp::impls::<impl std::cmp::PartialEq for u64>::eq

Check 178: std::cmp::impls::<impl std::cmp::PartialEq for u64>::eq.pointer_dereference.8
	 - Status: SUCCESS
	 - Description: "dereference failure: pointer invalid"
	 - Location: ../../home/runner/.rustup/toolchains/nightly-2026-08-21-x86_64-unknown-linux-gnu/lib/rustlib/src/rust/library/core/src/cmp.rs:2153:63 in function std::cmp::impls::<impl std::cmp::PartialEq for u64>::eq

Check 179: std::cmp::impls::<impl std::cmp::PartialEq for u64>::eq.pointer_dereference.9
	 - Status: SUCCESS
	 - Description: "dereference failure: deallocated dynamic object"
	 - Location: ../../home/runner/.rustup/toolchains/nightly-2026-08-21-x86_64-unknown-linux-gnu/lib/rustlib/src/rust/library/core/src/cmp.rs:2153:63 in function std::cmp::impls::<impl std::cmp::PartialEq for u64>::eq

Check 180: std::cmp::impls::<impl std::cmp::PartialEq for u64>::eq.pointer_dereference.10
	 - Status: SUCCESS
	 - Description: "dereference failure: dead object"
	 - Location: ../../home/runner/.rustup/toolchains/nightly-2026-08-21-x86_64-unknown-linux-gnu/lib/rustlib/src/rust/library/core/src/cmp.rs:2153:63 in function std::cmp::impls::<impl std::cmp::PartialEq for u64>::eq

Check 181: std::cmp::impls::<impl std::cmp::PartialEq for u64>::eq.pointer_dereference.11
	 - Status: SUCCESS
	 - Description: "dereference failure: pointer outside object bounds"
	 - Location: ../../home/runner/.rustup/toolchains/nightly-2026-08-21-x86_64-unknown-linux-gnu/lib/rustlib/src/rust/library/core/src/cmp.rs:2153:63 in function std::cmp::impls::<impl std::cmp::PartialEq for u64>::eq

Check 182: std::cmp::impls::<impl std::cmp::PartialEq for u64>::eq.pointer_dereference.12
	 - Status: SUCCESS
	 - Description: "dereference failure: invalid integer address"
	 - Location: ../../home/runner/.rustup/toolchains/nightly-2026-08-21-x86_64-unknown-linux-gnu/lib/rustlib/src/rust/library/core/src/cmp.rs:2153:63 in function std::cmp::impls::<impl std::cmp::PartialEq for u64>::eq

Check 183: kani_proofs::kani_rate_bound_integer_form.unwind.0
	 - Status: SUCCESS
	 - Description: "unwinding assertion loop 0"
	 - Location: crates/secmp-client-core/src/kani_proofs.rs:176:5 in function kani_proofs::kani_rate_bound_integer_form

Check 184: scheduler::params::rate_sum_ok::<std::iter::Copied<std::slice::Iter<'_, u64>>>.unwind.0
	 - Status: SUCCESS
	 - Description: "unwinding assertion loop 0"
	 - Location: crates/secmp-client-core/src/scheduler/params.rs:113:5 in function scheduler::params::rate_sum_ok::<std::iter::Copied<std::slice::Iter<'_, u64>>>


SUMMARY:
 ** 0 of 182 failed (1 unreachable)

 ** 2 of 2 cover properties satisfied


VERIFICATION:- SUCCESSFUL
Verification Time: 430.81833s

Checking harness kani_proofs::kani_backoff_cap...
CBMC 6.11.0 (cbmc-6.11.0)
CBMC version 6.11.0 (cbmc-6.11.0) 64-bit x86_64 linux
Reading GOTO program from file /work/SecMPro/target/kani/x86_64-unknown-linux-gnu/debug/build/secmp-client-core/9cd8def93a2155f0/out/secmp_client_core-9cd8def93a2155f0__RNvNtCs6mC682u6ZOv_17secmp_client_core11kani_proofs16kani_backoff_cap.out
Generating GOTO Program
Adding CPROVER library (x86_64)
Removal of function pointers and virtual functions
Generic Property Instrumentation
Running with 16 object bits, 48 offset bits (user-specified)
Starting Bounded Model Checking
aborting path on assume(false) at file /home/runner/.rustup/toolchains/nightly-2026-08-21-x86_64-unknown-linux-gnu/lib/rustlib/src/rust/library/core/src/option.rs line 1574 column 5 function std::option::Option::<u64>::filter::<{closure@crates/secmp-client-core/src/scheduler/params.rs:135:52: 135:55}> thread 0
aborting path on assume(false) at file /home/runner/.rustup/toolchains/nightly-2026-08-21-x86_64-unknown-linux-gnu/lib/rustlib/src/rust/library/core/src/option.rs line 1227 column 15 function std::option::Option::<u64>::map_or::<u64, {closure@crates/secmp-client-core/src/scheduler/params.rs:136:27: 136:30}> thread 0
aborting path on assume(false) at file /home/runner/.rustup/toolchains/nightly-2026-08-21-x86_64-unknown-linux-gnu/lib/rustlib/src/rust/library/core/src/option.rs line 1574 column 5 function std::option::Option::<u64>::filter::<{closure@crates/secmp-client-core/src/scheduler/params.rs:135:52: 135:55}> thread 0
aborting path on assume(false) at file /home/runner/.rustup/toolchains/nightly-2026-08-21-x86_64-unknown-linux-gnu/lib/rustlib/src/rust/library/core/src/option.rs line 1227 column 15 function std::option::Option::<u64>::map_or::<u64, {closure@crates/secmp-client-core/src/scheduler/params.rs:136:27: 136:30}> thread 0
Runtime Symex: 0.0239133s
size of program expression: 1350 steps
slicing removed 755 assignments
Generated 116 VCC(s), 20 remaining after simplification
Runtime Postprocess Equation: 0.000165124s
Passing problem to propositional reduction
converting SSA
Runtime Convert SSA: 0.00611197s
Running propositional reduction
Post-processing
Runtime Post-process: 4.6e-06s
Solving with CaDiCaL 3.0.0
12993 variables, 33220 clauses
SAT checker: instance is SATISFIABLE
Runtime Solver: 0.000996103s
Runtime decision procedure: 0.00729233s
Running propositional reduction
Solving with CaDiCaL 3.0.0
12994 variables, 33221 clauses
SAT checker: instance is SATISFIABLE
Runtime Solver: 0.0230303s
Runtime decision procedure: 0.0231191s
Running propositional reduction
Solving with CaDiCaL 3.0.0
12995 variables, 33222 clauses
SAT checker: instance is UNSATISFIABLE
Runtime Solver: 0.0211621s
Runtime decision procedure: 0.0212202s

RESULTS:
Check 1: core::num::<impl u64>::unchecked_shl.arithmetic_overflow.1
	 - Status: SUCCESS
	 - Description: "attempt to shift by excessive shift distance"
	 - Location: ../../home/runner/.rustup/toolchains/nightly-2026-08-21-x86_64-unknown-linux-gnu/lib/rustlib/src/rust/library/core/src/num/uint_macros.rs:2096:17 in function core::num::<impl u64>::unchecked_shl

Check 2: std::fmt::Arguments::<'_>::from_str.assertion.1
	 - Status: UNREACHABLE
	 - Description: "attempt to shift left with overflow"
	 - Location: ../../home/runner/.rustup/toolchains/nightly-2026-08-21-x86_64-unknown-linux-gnu/lib/rustlib/src/rust/library/core/src/fmt/mod.rs:820:38 in function std::fmt::Arguments::<'_>::from_str

Check 3: core::panicking::panic_nounwind_fmt::runtime.unsupported_construct.1
	 - Status: SUCCESS
	 - Description: "call to foreign "Rust" function `_RNvCskSgPeDzUGbv_7___rustc17rust_begin_unwind` is not currently supported by Kani. Please post your example at https://github.com/model-checking/kani/issues/new/choose"
	 - Location: ../../home/runner/.rustup/toolchains/nightly-2026-08-21-x86_64-unknown-linux-gnu/lib/rustlib/src/rust/library/core/src/panicking.rs:110:17 in function core::panicking::panic_nounwind_fmt::runtime

Check 4: <u64 as std::ops::Shr<u32>>::shr.assertion.1
	 - Status: SUCCESS
	 - Description: "attempt to shift right with overflow"
	 - Location: ../../home/runner/.rustup/toolchains/nightly-2026-08-21-x86_64-unknown-linux-gnu/lib/rustlib/src/rust/library/core/src/ops/bit.rs:613:17 in function <u64 as std::ops::Shr<u32>>::shr

Check 5: std::option::Option::<u64>::map_or::<u64, {closure@crates/secmp-client-core/src/scheduler/params.rs:136:27: 136:30}>.unreachable.1
	 - Status: SUCCESS
	 - Description: "unreachable code"
	 - Location: ../../home/runner/.rustup/toolchains/nightly-2026-08-21-x86_64-unknown-linux-gnu/lib/rustlib/src/rust/library/core/src/option.rs:1227:15 in function std::option::Option::<u64>::map_or::<u64, {closure@crates/secmp-client-core/src/scheduler/params.rs:136:27: 136:30}>

Check 6: std::panic::Location::<'_>::caller.unsupported_construct.1
	 - Status: SUCCESS
	 - Description: "caller_location is not currently supported by Kani. Please post your example at https://github.com/model-checking/kani/issues/374"
	 - Location: ../../home/runner/.rustup/toolchains/nightly-2026-08-21-x86_64-unknown-linux-gnu/lib/rustlib/src/rust/library/core/src/panic/location.rs:181:9 in function std::panic::Location::<'_>::caller

Check 7: kani_proofs::kani_backoff_cap.assertion.1
	 - Status: SUCCESS
	 - Description: "assertion failed: c >= 180_000 && c <= 3_600_000"
	 - Location: crates/secmp-client-core/src/kani_proofs.rs:158:5 in function kani_proofs::kani_backoff_cap

Check 8: kani_proofs::kani_backoff_cap.assertion.2
	 - Status: SUCCESS
	 - Description: "attempt to add with overflow"
	 - Location: crates/secmp-client-core/src/kani_proofs.rs:160:29 in function kani_proofs::kani_backoff_cap

Check 9: kani_proofs::kani_backoff_cap.assertion.3
	 - Status: SUCCESS
	 - Description: "assertion failed: backoff_cap(n + 1, 180_000, 3_600_000) >= c"
	 - Location: crates/secmp-client-core/src/kani_proofs.rs:160:9 in function kani_proofs::kani_backoff_cap

Check 10: kani_proofs::kani_backoff_cap.cover.1
	 - Status: SATISFIED
	 - Description: "the cap is reached"
	 - Location: crates/secmp-client-core/src/kani_proofs.rs:162:5 in function kani_proofs::kani_backoff_cap

Check 11: kani_proofs::kani_backoff_cap.cover.2
	 - Status: SATISFIED
	 - Description: "the first delay"
	 - Location: crates/secmp-client-core/src/kani_proofs.rs:163:5 in function kani_proofs::kani_backoff_cap

Check 12: std::option::Option::<u64>::filter::<{closure@crates/secmp-client-core/src/scheduler/params.rs:135:52: 135:55}>.unreachable.1
	 - Status: SUCCESS
	 - Description: "unreachable code"
	 - Location: ../../home/runner/.rustup/toolchains/nightly-2026-08-21-x86_64-unknown-linux-gnu/lib/rustlib/src/rust/library/core/src/option.rs:1574:5 in function std::option::Option::<u64>::filter::<{closure@crates/secmp-client-core/src/scheduler/params.rs:135:52: 135:55}>

Check 13: scheduler::params::backoff_cap::{closure#0}.pointer_dereference.1
	 - Status: SUCCESS
	 - Description: "dereference failure: pointer NULL"
	 - Location: crates/secmp-client-core/src/scheduler/params.rs:135:61 in function scheduler::params::backoff_cap::{closure#0}

Check 14: scheduler::params::backoff_cap::{closure#0}.pointer_dereference.2
	 - Status: SUCCESS
	 - Description: "dereference failure: pointer invalid"
	 - Location: crates/secmp-client-core/src/scheduler/params.rs:135:61 in function scheduler::params::backoff_cap::{closure#0}

Check 15: scheduler::params::backoff_cap::{closure#0}.pointer_dereference.3
	 - Status: SUCCESS
	 - Description: "dereference failure: deallocated dynamic object"
	 - Location: crates/secmp-client-core/src/scheduler/params.rs:135:61 in function scheduler::params::backoff_cap::{closure#0}

Check 16: scheduler::params::backoff_cap::{closure#0}.pointer_dereference.4
	 - Status: SUCCESS
	 - Description: "dereference failure: dead object"
	 - Location: crates/secmp-client-core/src/scheduler/params.rs:135:61 in function scheduler::params::backoff_cap::{closure#0}

Check 17: scheduler::params::backoff_cap::{closure#0}.pointer_dereference.5
	 - Status: SUCCESS
	 - Description: "dereference failure: pointer outside object bounds"
	 - Location: crates/secmp-client-core/src/scheduler/params.rs:135:61 in function scheduler::params::backoff_cap::{closure#0}

Check 18: scheduler::params::backoff_cap::{closure#0}.pointer_dereference.6
	 - Status: SUCCESS
	 - Description: "dereference failure: invalid integer address"
	 - Location: crates/secmp-client-core/src/scheduler/params.rs:135:61 in function scheduler::params::backoff_cap::{closure#0}

Check 19: scheduler::params::backoff_cap::{closure#0}.pointer_dereference.7
	 - Status: SUCCESS
	 - Description: "dereference failure: pointer NULL"
	 - Location: crates/secmp-client-core/src/scheduler/params.rs:135:70 in function scheduler::params::backoff_cap::{closure#0}

Check 20: scheduler::params::backoff_cap::{closure#0}.pointer_dereference.8
	 - Status: SUCCESS
	 - Description: "dereference failure: pointer invalid"
	 - Location: crates/secmp-client-core/src/scheduler/params.rs:135:70 in function scheduler::params::backoff_cap::{closure#0}

Check 21: scheduler::params::backoff_cap::{closure#0}.pointer_dereference.9
	 - Status: SUCCESS
	 - Description: "dereference failure: deallocated dynamic object"
	 - Location: crates/secmp-client-core/src/scheduler/params.rs:135:70 in function scheduler::params::backoff_cap::{closure#0}

Check 22: scheduler::params::backoff_cap::{closure#0}.pointer_dereference.10
	 - Status: SUCCESS
	 - Description: "dereference failure: dead object"
	 - Location: crates/secmp-client-core/src/scheduler/params.rs:135:70 in function scheduler::params::backoff_cap::{closure#0}

Check 23: scheduler::params::backoff_cap::{closure#0}.pointer_dereference.11
	 - Status: SUCCESS
	 - Description: "dereference failure: pointer outside object bounds"
	 - Location: crates/secmp-client-core/src/scheduler/params.rs:135:70 in function scheduler::params::backoff_cap::{closure#0}

Check 24: scheduler::params::backoff_cap::{closure#0}.pointer_dereference.12
	 - Status: SUCCESS
	 - Description: "dereference failure: invalid integer address"
	 - Location: crates/secmp-client-core/src/scheduler/params.rs:135:70 in function scheduler::params::backoff_cap::{closure#0}

Check 25: scheduler::params::backoff_cap::{closure#1}.pointer_dereference.1
	 - Status: SUCCESS
	 - Description: "dereference failure: pointer NULL"
	 - Location: crates/secmp-client-core/src/scheduler/params.rs:136:37 in function scheduler::params::backoff_cap::{closure#1}

Check 26: scheduler::params::backoff_cap::{closure#1}.pointer_dereference.2
	 - Status: SUCCESS
	 - Description: "dereference failure: pointer invalid"
	 - Location: crates/secmp-client-core/src/scheduler/params.rs:136:37 in function scheduler::params::backoff_cap::{closure#1}

Check 27: scheduler::params::backoff_cap::{closure#1}.pointer_dereference.3
	 - Status: SUCCESS
	 - Description: "dereference failure: deallocated dynamic object"
	 - Location: crates/secmp-client-core/src/scheduler/params.rs:136:37 in function scheduler::params::backoff_cap::{closure#1}

Check 28: scheduler::params::backoff_cap::{closure#1}.pointer_dereference.4
	 - Status: SUCCESS
	 - Description: "dereference failure: dead object"
	 - Location: crates/secmp-client-core/src/scheduler/params.rs:136:37 in function scheduler::params::backoff_cap::{closure#1}

Check 29: scheduler::params::backoff_cap::{closure#1}.pointer_dereference.5
	 - Status: SUCCESS
	 - Description: "dereference failure: pointer outside object bounds"
	 - Location: crates/secmp-client-core/src/scheduler/params.rs:136:37 in function scheduler::params::backoff_cap::{closure#1}

Check 30: scheduler::params::backoff_cap::{closure#1}.pointer_dereference.6
	 - Status: SUCCESS
	 - Description: "dereference failure: invalid integer address"
	 - Location: crates/secmp-client-core/src/scheduler/params.rs:136:37 in function scheduler::params::backoff_cap::{closure#1}

Check 31: std::cmp::impls::<impl std::cmp::PartialOrd for u32>::lt.pointer_dereference.1
	 - Status: SUCCESS
	 - Description: "dereference failure: pointer NULL"
	 - Location: ../../home/runner/.rustup/toolchains/nightly-2026-08-21-x86_64-unknown-linux-gnu/lib/rustlib/src/rust/library/core/src/cmp.rs:2192:50 in function std::cmp::impls::<impl std::cmp::PartialOrd for u32>::lt

Check 32: std::cmp::impls::<impl std::cmp::PartialOrd for u32>::lt.pointer_dereference.2
	 - Status: SUCCESS
	 - Description: "dereference failure: pointer invalid"
	 - Location: ../../home/runner/.rustup/toolchains/nightly-2026-08-21-x86_64-unknown-linux-gnu/lib/rustlib/src/rust/library/core/src/cmp.rs:2192:50 in function std::cmp::impls::<impl std::cmp::PartialOrd for u32>::lt

Check 33: std::cmp::impls::<impl std::cmp::PartialOrd for u32>::lt.pointer_dereference.3
	 - Status: SUCCESS
	 - Description: "dereference failure: deallocated dynamic object"
	 - Location: ../../home/runner/.rustup/toolchains/nightly-2026-08-21-x86_64-unknown-linux-gnu/lib/rustlib/src/rust/library/core/src/cmp.rs:2192:50 in function std::cmp::impls::<impl std::cmp::PartialOrd for u32>::lt

Check 34: std::cmp::impls::<impl std::cmp::PartialOrd for u32>::lt.pointer_dereference.4
	 - Status: SUCCESS
	 - Description: "dereference failure: dead object"
	 - Location: ../../home/runner/.rustup/toolchains/nightly-2026-08-21-x86_64-unknown-linux-gnu/lib/rustlib/src/rust/library/core/src/cmp.rs:2192:50 in function std::cmp::impls::<impl std::cmp::PartialOrd for u32>::lt

Check 35: std::cmp::impls::<impl std::cmp::PartialOrd for u32>::lt.pointer_dereference.5
	 - Status: SUCCESS
	 - Description: "dereference failure: pointer outside object bounds"
	 - Location: ../../home/runner/.rustup/toolchains/nightly-2026-08-21-x86_64-unknown-linux-gnu/lib/rustlib/src/rust/library/core/src/cmp.rs:2192:50 in function std::cmp::impls::<impl std::cmp::PartialOrd for u32>::lt

Check 36: std::cmp::impls::<impl std::cmp::PartialOrd for u32>::lt.pointer_dereference.6
	 - Status: SUCCESS
	 - Description: "dereference failure: invalid integer address"
	 - Location: ../../home/runner/.rustup/toolchains/nightly-2026-08-21-x86_64-unknown-linux-gnu/lib/rustlib/src/rust/library/core/src/cmp.rs:2192:50 in function std::cmp::impls::<impl std::cmp::PartialOrd for u32>::lt

Check 37: std::cmp::impls::<impl std::cmp::PartialOrd for u32>::lt.pointer_dereference.7
	 - Status: SUCCESS
	 - Description: "dereference failure: pointer NULL"
	 - Location: ../../home/runner/.rustup/toolchains/nightly-2026-08-21-x86_64-unknown-linux-gnu/lib/rustlib/src/rust/library/core/src/cmp.rs:2192:59 in function std::cmp::impls::<impl std::cmp::PartialOrd for u32>::lt

Check 38: std::cmp::impls::<impl std::cmp::PartialOrd for u32>::lt.pointer_dereference.8
	 - Status: SUCCESS
	 - Description: "dereference failure: pointer invalid"
	 - Location: ../../home/runner/.rustup/toolchains/nightly-2026-08-21-x86_64-unknown-linux-gnu/lib/rustlib/src/rust/library/core/src/cmp.rs:2192:59 in function std::cmp::impls::<impl std::cmp::PartialOrd for u32>::lt

Check 39: std::cmp::impls::<impl std::cmp::PartialOrd for u32>::lt.pointer_dereference.9
	 - Status: SUCCESS
	 - Description: "dereference failure: deallocated dynamic object"
	 - Location: ../../home/runner/.rustup/toolchains/nightly-2026-08-21-x86_64-unknown-linux-gnu/lib/rustlib/src/rust/library/core/src/cmp.rs:2192:59 in function std::cmp::impls::<impl std::cmp::PartialOrd for u32>::lt

Check 40: std::cmp::impls::<impl std::cmp::PartialOrd for u32>::lt.pointer_dereference.10
	 - Status: SUCCESS
	 - Description: "dereference failure: dead object"
	 - Location: ../../home/runner/.rustup/toolchains/nightly-2026-08-21-x86_64-unknown-linux-gnu/lib/rustlib/src/rust/library/core/src/cmp.rs:2192:59 in function std::cmp::impls::<impl std::cmp::PartialOrd for u32>::lt

Check 41: std::cmp::impls::<impl std::cmp::PartialOrd for u32>::lt.pointer_dereference.11
	 - Status: SUCCESS
	 - Description: "dereference failure: pointer outside object bounds"
	 - Location: ../../home/runner/.rustup/toolchains/nightly-2026-08-21-x86_64-unknown-linux-gnu/lib/rustlib/src/rust/library/core/src/cmp.rs:2192:59 in function std::cmp::impls::<impl std::cmp::PartialOrd for u32>::lt

Check 42: std::cmp::impls::<impl std::cmp::PartialOrd for u32>::lt.pointer_dereference.12
	 - Status: SUCCESS
	 - Description: "dereference failure: invalid integer address"
	 - Location: ../../home/runner/.rustup/toolchains/nightly-2026-08-21-x86_64-unknown-linux-gnu/lib/rustlib/src/rust/library/core/src/cmp.rs:2192:59 in function std::cmp::impls::<impl std::cmp::PartialOrd for u32>::lt

Check 43: std::cmp::impls::<impl std::cmp::PartialOrd for u64>::lt.pointer_dereference.1
	 - Status: SUCCESS
	 - Description: "dereference failure: pointer NULL"
	 - Location: ../../home/runner/.rustup/toolchains/nightly-2026-08-21-x86_64-unknown-linux-gnu/lib/rustlib/src/rust/library/core/src/cmp.rs:2192:50 in function std::cmp::impls::<impl std::cmp::PartialOrd for u64>::lt

Check 44: std::cmp::impls::<impl std::cmp::PartialOrd for u64>::lt.pointer_dereference.2
	 - Status: SUCCESS
	 - Description: "dereference failure: pointer invalid"
	 - Location: ../../home/runner/.rustup/toolchains/nightly-2026-08-21-x86_64-unknown-linux-gnu/lib/rustlib/src/rust/library/core/src/cmp.rs:2192:50 in function std::cmp::impls::<impl std::cmp::PartialOrd for u64>::lt

Check 45: std::cmp::impls::<impl std::cmp::PartialOrd for u64>::lt.pointer_dereference.3
	 - Status: SUCCESS
	 - Description: "dereference failure: deallocated dynamic object"
	 - Location: ../../home/runner/.rustup/toolchains/nightly-2026-08-21-x86_64-unknown-linux-gnu/lib/rustlib/src/rust/library/core/src/cmp.rs:2192:50 in function std::cmp::impls::<impl std::cmp::PartialOrd for u64>::lt

Check 46: std::cmp::impls::<impl std::cmp::PartialOrd for u64>::lt.pointer_dereference.4
	 - Status: SUCCESS
	 - Description: "dereference failure: dead object"
	 - Location: ../../home/runner/.rustup/toolchains/nightly-2026-08-21-x86_64-unknown-linux-gnu/lib/rustlib/src/rust/library/core/src/cmp.rs:2192:50 in function std::cmp::impls::<impl std::cmp::PartialOrd for u64>::lt

Check 47: std::cmp::impls::<impl std::cmp::PartialOrd for u64>::lt.pointer_dereference.5
	 - Status: SUCCESS
	 - Description: "dereference failure: pointer outside object bounds"
	 - Location: ../../home/runner/.rustup/toolchains/nightly-2026-08-21-x86_64-unknown-linux-gnu/lib/rustlib/src/rust/library/core/src/cmp.rs:2192:50 in function std::cmp::impls::<impl std::cmp::PartialOrd for u64>::lt

Check 48: std::cmp::impls::<impl std::cmp::PartialOrd for u64>::lt.pointer_dereference.6
	 - Status: SUCCESS
	 - Description: "dereference failure: invalid integer address"
	 - Location: ../../home/runner/.rustup/toolchains/nightly-2026-08-21-x86_64-unknown-linux-gnu/lib/rustlib/src/rust/library/core/src/cmp.rs:2192:50 in function std::cmp::impls::<impl std::cmp::PartialOrd for u64>::lt

Check 49: std::cmp::impls::<impl std::cmp::PartialOrd for u64>::lt.pointer_dereference.7
	 - Status: SUCCESS
	 - Description: "dereference failure: pointer NULL"
	 - Location: ../../home/runner/.rustup/toolchains/nightly-2026-08-21-x86_64-unknown-linux-gnu/lib/rustlib/src/rust/library/core/src/cmp.rs:2192:59 in function std::cmp::impls::<impl std::cmp::PartialOrd for u64>::lt

Check 50: std::cmp::impls::<impl std::cmp::PartialOrd for u64>::lt.pointer_dereference.8
	 - Status: SUCCESS
	 - Description: "dereference failure: pointer invalid"
	 - Location: ../../home/runner/.rustup/toolchains/nightly-2026-08-21-x86_64-unknown-linux-gnu/lib/rustlib/src/rust/library/core/src/cmp.rs:2192:59 in function std::cmp::impls::<impl std::cmp::PartialOrd for u64>::lt

Check 51: std::cmp::impls::<impl std::cmp::PartialOrd for u64>::lt.pointer_dereference.9
	 - Status: SUCCESS
	 - Description: "dereference failure: deallocated dynamic object"
	 - Location: ../../home/runner/.rustup/toolchains/nightly-2026-08-21-x86_64-unknown-linux-gnu/lib/rustlib/src/rust/library/core/src/cmp.rs:2192:59 in function std::cmp::impls::<impl std::cmp::PartialOrd for u64>::lt

Check 52: std::cmp::impls::<impl std::cmp::PartialOrd for u64>::lt.pointer_dereference.10
	 - Status: SUCCESS
	 - Description: "dereference failure: dead object"
	 - Location: ../../home/runner/.rustup/toolchains/nightly-2026-08-21-x86_64-unknown-linux-gnu/lib/rustlib/src/rust/library/core/src/cmp.rs:2192:59 in function std::cmp::impls::<impl std::cmp::PartialOrd for u64>::lt

Check 53: std::cmp::impls::<impl std::cmp::PartialOrd for u64>::lt.pointer_dereference.11
	 - Status: SUCCESS
	 - Description: "dereference failure: pointer outside object bounds"
	 - Location: ../../home/runner/.rustup/toolchains/nightly-2026-08-21-x86_64-unknown-linux-gnu/lib/rustlib/src/rust/library/core/src/cmp.rs:2192:59 in function std::cmp::impls::<impl std::cmp::PartialOrd for u64>::lt

Check 54: std::cmp::impls::<impl std::cmp::PartialOrd for u64>::lt.pointer_dereference.12
	 - Status: SUCCESS
	 - Description: "dereference failure: invalid integer address"
	 - Location: ../../home/runner/.rustup/toolchains/nightly-2026-08-21-x86_64-unknown-linux-gnu/lib/rustlib/src/rust/library/core/src/cmp.rs:2192:59 in function std::cmp::impls::<impl std::cmp::PartialOrd for u64>::lt

Check 55: <&u64 as std::ops::Shr<u32>>::shr.pointer_dereference.1
	 - Status: SUCCESS
	 - Description: "dereference failure: pointer NULL"
	 - Location: ../../home/runner/.rustup/toolchains/nightly-2026-08-21-x86_64-unknown-linux-gnu/lib/rustlib/src/rust/library/core/src/internal_macros.rs:28:31 in function <&u64 as std::ops::Shr<u32>>::shr

Check 56: <&u64 as std::ops::Shr<u32>>::shr.pointer_dereference.2
	 - Status: SUCCESS
	 - Description: "dereference failure: pointer invalid"
	 - Location: ../../home/runner/.rustup/toolchains/nightly-2026-08-21-x86_64-unknown-linux-gnu/lib/rustlib/src/rust/library/core/src/internal_macros.rs:28:31 in function <&u64 as std::ops::Shr<u32>>::shr

Check 57: <&u64 as std::ops::Shr<u32>>::shr.pointer_dereference.3
	 - Status: SUCCESS
	 - Description: "dereference failure: deallocated dynamic object"
	 - Location: ../../home/runner/.rustup/toolchains/nightly-2026-08-21-x86_64-unknown-linux-gnu/lib/rustlib/src/rust/library/core/src/internal_macros.rs:28:31 in function <&u64 as std::ops::Shr<u32>>::shr

Check 58: <&u64 as std::ops::Shr<u32>>::shr.pointer_dereference.4
	 - Status: SUCCESS
	 - Description: "dereference failure: dead object"
	 - Location: ../../home/runner/.rustup/toolchains/nightly-2026-08-21-x86_64-unknown-linux-gnu/lib/rustlib/src/rust/library/core/src/internal_macros.rs:28:31 in function <&u64 as std::ops::Shr<u32>>::shr

Check 59: <&u64 as std::ops::Shr<u32>>::shr.pointer_dereference.5
	 - Status: SUCCESS
	 - Description: "dereference failure: pointer outside object bounds"
	 - Location: ../../home/runner/.rustup/toolchains/nightly-2026-08-21-x86_64-unknown-linux-gnu/lib/rustlib/src/rust/library/core/src/internal_macros.rs:28:31 in function <&u64 as std::ops::Shr<u32>>::shr

Check 60: <&u64 as std::ops::Shr<u32>>::shr.pointer_dereference.6
	 - Status: SUCCESS
	 - Description: "dereference failure: invalid integer address"
	 - Location: ../../home/runner/.rustup/toolchains/nightly-2026-08-21-x86_64-unknown-linux-gnu/lib/rustlib/src/rust/library/core/src/internal_macros.rs:28:31 in function <&u64 as std::ops::Shr<u32>>::shr


SUMMARY:
 ** 0 of 58 failed (1 unreachable)

 ** 2 of 2 cover properties satisfied


VERIFICATION:- SUCCESSFUL
Verification Time: 0.13214192s

Checking harness kani_proofs::kani_uniform_draw_in_range...
CBMC 6.11.0 (cbmc-6.11.0)
CBMC version 6.11.0 (cbmc-6.11.0) 64-bit x86_64 linux
Reading GOTO program from file /work/SecMPro/target/kani/x86_64-unknown-linux-gnu/debug/build/secmp-client-core/9cd8def93a2155f0/out/secmp_client_core-9cd8def93a2155f0__RNvNtCs6mC682u6ZOv_17secmp_client_core11kani_proofs26kani_uniform_draw_in_range.out
Generating GOTO Program
Adding CPROVER library (x86_64)
Removal of function pointers and virtual functions
Generic Property Instrumentation
Running with 16 object bits, 48 offset bits (user-specified)
Starting Bounded Model Checking
aborting path on assume(false) at file /home/runner/.rustup/toolchains/nightly-2026-08-21-x86_64-unknown-linux-gnu/lib/rustlib/src/rust/library/core/src/option.rs line 2869 column 15 function <std::option::Option<u64> as std::ops::Try>::branch thread 0
aborting path on assume(false) at file /home/runner/.rustup/toolchains/nightly-2026-08-21-x86_64-unknown-linux-gnu/lib/rustlib/src/rust/library/core/src/option.rs line 2869 column 15 function <std::option::Option<u64> as std::ops::Try>::branch thread 0
aborting path on assume(false) at file /home/runner/.rustup/toolchains/nightly-2026-08-21-x86_64-unknown-linux-gnu/lib/rustlib/src/rust/library/core/src/option.rs line 2869 column 15 function <std::option::Option<u64> as std::ops::Try>::branch thread 0
aborting path on assume(false) at file crates/secmp-client-core/src/lib.rs line 0 column 0 function timing::sample_round thread 0
aborting path on assume(false) at file crates/secmp-client-core/src/kani_proofs.rs line 134 column 1 function kani_proofs::kani_uniform_draw_in_range thread 0
Runtime Symex: 0.0253033s
size of program expression: 1551 steps
slicing removed 961 assignments
Generated 31 VCC(s), 28 remaining after simplification
Runtime Postprocess Equation: 0.000218445s
Passing problem to propositional reduction
converting SSA
Runtime Convert SSA: 0.0429006s
Running propositional reduction
Post-processing
Runtime Post-process: 5.52e-06s
Solving with CaDiCaL 3.0.0
54122 variables, 277954 clauses
SAT checker: instance is SATISFIABLE
Runtime Solver: 0.198736s
Runtime decision procedure: 0.242356s
Running propositional reduction
Solving with CaDiCaL 3.0.0
54123 variables, 277955 clauses
SAT checker: instance is SATISFIABLE
Runtime Solver: 0.261044s
Runtime decision procedure: 0.26151s
Running propositional reduction
Solving with CaDiCaL 3.0.0
54124 variables, 277956 clauses
SAT checker: instance is SATISFIABLE
Runtime Solver: 0.0303144s
Runtime decision procedure: 0.0312045s
Running propositional reduction
Solving with CaDiCaL 3.0.0
54125 variables, 277957 clauses
SAT checker: instance is SATISFIABLE
Runtime Solver: 0.196741s
Runtime decision procedure: 0.197151s
Running propositional reduction
